InvoiceDate,ItemID,Quantity,Sales,Cost,CustomerID,Location,Factory,SalesPerson,Transactions,Region
"2017-09-21 00:00:00",297,0.5,80,42.34,1049,5637150828,MAWH0002,68,INMA,WEST
"2017-09-21 00:00:00",299,0.5,96,59.88,1049,5637150828,MAWH0002,68,INMA,WEST
"2017-09-21 00:00:00",302,1,185,109.25,1049,5637150828,MAWH0002,68,INMA,WEST
"2017-09-21 00:00:00",303,0.2,36,20.044,1046,5637171576,MAWH0002,68,INMA,WEST
"2017-09-21 00:00:00",478,6.3504,3388.69229,0,811,5637150616,TNWH0012,44,INMA,SOUTH
"2017-09-21 00:00:00",482,1.5876,847.17307,0,811,5637150616,TNWH0012,44,INMA,SOUTH
"2017-09-21 00:00:00",483,4.536,2420.49449,0,811,5637150616,TNWH0012,44,INMA,SOUTH
"2017-09-21 00:00:00",485,1.8144,968.1978,0,811,5637150616,TNWH0012,44,INMA,SOUTH
"2017-09-21 00:00:00",486,3.1752,1631.75816,0,811,5637150616,TNWH0012,44,INMA,SOUTH
"2017-09-22 00:00:00",19,0.6,39.6,24.426,1066,5637150844,MAWH0002,68,INMA,WEST
"2017-09-22 00:00:00",32,0.06,5.1426,5.5248,915,5637150715,MAWH0007,30,INMA,NORTH
"2017-09-22 00:00:00",78,0.03,2.541,1.8081,82,5637149916,MAWH0004,40,INMA,SOUTH
"2017-09-22 00:00:00",86,0.02,9.7312,7.6338,843,5637150646,MAWH0007,69,INMA,NORTH
"2017-09-22 00:00:00",97,0.1,22.027,18.163,843,5637150646,MAWH0007,69,INMA,NORTH
"2017-09-22 00:00:00",97,0.34,74.8918,61.7542,915,5637150715,MAWH0007,30,INMA,NORTH
"2017-09-22 00:00:00",98,0.1,10.163,13.013,843,5637150646,MAWH0007,69,INMA,NORTH
"2017-09-22 00:00:00",98,0.5,50.815,65.065,898,5637150699,MAWH0007,17,INMA,NORTH
"2017-09-22 00:00:00",98,0.1,10.163,13.013,915,5637150715,MAWH0007,30,INMA,NORTH
"2017-09-22 00:00:00",118,0.15,21.201,14.9565,161,5637149991,MAWH0005,26,INMA,SOUTH
"2017-09-22 00:00:00",118,0.3,41.502,29.913,1049,5637150828,MAWH0002,68,INMA,WEST
"2017-09-22 00:00:00",122,0.2,29.734,22.608,843,5637150646,MAWH0007,69,INMA,NORTH
"2017-09-22 00:00:00",122,0.1,14.216,11.304,1066,5637150844,MAWH0002,68,INMA,WEST
"2017-09-22 00:00:00",137,0.5,122.5,97.5,161,5637149991,MAWH0005,26,INMA,SOUTH
"2017-09-22 00:00:00",137,0.5,135,97.5,870,5637150671,MAWH0007,70,INMA,NORTH
"2017-09-22 00:00:00",137,0.05,12.5,9.75,915,5637150715,MAWH0007,30,INMA,NORTH
"2017-09-22 00:00:00",141,0.15,34.5,23.67,843,5637150646,MAWH0007,69,INMA,NORTH
"2017-09-22 00:00:00",157,1.5,235.5,183.225,843,5637150646,MAWH0007,69,INMA,NORTH
"2017-09-22 00:00:00",157,0.16,25.12,19.544,915,5637150715,MAWH0007,30,INMA,NORTH
"2017-09-22 00:00:00",190,0.04,6.178,5.3216,843,5637150646,MAWH0007,69,INMA,NORTH
"2017-09-22 00:00:00",190,0.1,15.445,13.304,915,5637150715,MAWH0007,30,INMA,NORTH
"2017-09-22 00:00:00",254,0.02,2.7596,0.9216,843,5637150646,MAWH0007,69,INMA,NORTH
"2017-09-22 00:00:00",254,0.1,13.798,4.608,898,5637150699,MAWH0007,17,INMA,NORTH
"2017-09-22 00:00:00",263,0.08,13.2872,7.7992,898,5637150699,MAWH0007,17,INMA,NORTH
"2017-09-22 00:00:00",267,0.1,15.65,9.356,1066,5637150844,MAWH0002,68,INMA,WEST
"2017-09-22 00:00:00",286,0.005,0.375,0.3167,1049,5637150828,MAWH0002,68,INMA,WEST
"2017-09-22 00:00:00",287,0.075,6.36,5.1758,843,5637150646,MAWH0007,69,INMA,NORTH
"2017-09-22 00:00:00",287,0.15,12.72,10.3515,898,5637150699,MAWH0007,17,INMA,NORTH
"2017-09-22 00:00:00",287,0.03,2.544,2.0703,915,5637150715,MAWH0007,30,INMA,NORTH
"2017-09-22 00:00:00",297,0.12,19.44,10.1616,1066,5637150844,MAWH0002,68,INMA,WEST
"2017-09-22 00:00:00",298,0.3,51.6,26.229,1066,5637150844,MAWH0002,68,INMA,WEST
"2017-05-17 00:00:00",118,0.3,45.3,29.913,941,5637150737,MAWH0008,24,INMA,SOUTH
"2017-05-17 00:00:00",141,0.25,57.5,39.45,33,5637146162,MAWH0003,13,INMA,SOUTH
"2017-05-17 00:00:00",159,0.1,16.2,11.75,81,5637149915,MAWH0031,40,INMA,SOUTH
"2017-05-17 00:00:00",263,1.2,190.8,116.988,161,5637149991,MAWH0005,26,INMA,SOUTH
"2017-05-17 00:00:00",326,0.3,42.9,39.84,1049,5637147050,MAWH0002,68,INMA,WEST
"2017-05-18 00:00:00",13,0.025,5.125,3.083,63,5637151534,MAWH0003,13,INMA,SOUTH
"2017-05-18 00:00:00",32,0.02,1.7468,1.8416,288,5637151546,MAWH0006,56,INMA,SOUTH
"2017-05-18 00:00:00",78,0.03,2.541,1.8081,82,5637149916,MAWH0003,40,INMA,SOUTH
"2017-05-18 00:00:00",78,0.2,17.34,12.054,303,5637150122,MAWH0006,56,INMA,SOUTH
"2017-05-18 00:00:00",78,0.19,15.143,11.4513,941,5637150737,MAWH0008,24,INMA,SOUTH
"2017-08-17 00:00:00",122,0.6,88.818,67.824,117,5637165581,MAWH0002,63,INMA,EAST
"2017-08-17 00:00:00",133,0.5,95,12000,209,5637151772,AGWH0001,12,INAG,VISTA
"2017-08-17 00:00:00",133,-0.5,-92.5,-12000,226,5637148386,AGWH0002,12,INAG,VISTA
"2017-08-17 00:00:00",137,0.25,61.25,48.75,163,5637149993,MAWH0005,26,INMA,SOUTH
"2017-08-17 00:00:00",141,0.5,109.5,78.9,114,5637164076,MAWH0002,63,INMA,EAST
"2017-08-17 00:00:00",141,2,446,315.6,117,5637165581,MAWH0002,63,INMA,EAST
"2017-08-17 00:00:00",157,4,588,488.6,117,5637165581,MAWH0002,63,INMA,EAST
"2017-07-06 00:00:00",99,0.1,12.669,15.779,902,5637150703,MAWH0002,11,INMA,NORTH
"2017-07-06 00:00:00",114,0.05,35.049,18.682,902,5637150703,MAWH0002,11,INMA,NORTH
"2017-07-06 00:00:00",118,0.45,58.6215,44.8695,902,5637150703,MAWH0031,11,INMA,NORTH
"2017-07-06 00:00:00",121,0.5,75.015,61.075,117,5637151815,MAWH0002,63,INMA,EAST
"2017-07-06 00:00:00",121,1,148.17,122.15,902,5637150703,MAWH0002,11,INMA,NORTH
"2017-07-06 00:00:00",121,0.2,31.2,24.43,1038,5637151739,MAWH0002,68,INMA,WEST
"2017-07-06 00:00:00",122,2,296.06,226.08,117,5637151815,MAWH0002,63,INMA,EAST
"2017-07-06 00:00:00",122,0.5,69.47,56.52,902,5637150703,MAWH0002,11,INMA,NORTH
"2017-07-06 00:00:00",122,0.2,27.62,22.608,1072,5637150848,MAWH0002,68,INMA,WEST
"2017-07-06 00:00:00",141,2,438,315.6,117,5637151815,MAWH0002,63,INMA,EAST
"2017-07-06 00:00:00",141,1.5,315,236.7,152,5637149829,MAWH0005,18,INMA,SOUTH
"2017-07-06 00:00:00",141,2,430,315.6,902,5637150703,MAWH0002,11,INMA,NORTH
"2017-07-06 00:00:00",157,3,441,366.45,117,5637151815,MAWH0002,63,INMA,EAST
"2017-07-06 00:00:00",157,0.2,30.4,24.43,163,5637149993,MAWH0005,26,INMA,SOUTH
"2017-07-06 00:00:00",157,2.5,367.5,305.375,902,5637150703,MAWH0002,11,INMA,NORTH
"2017-07-06 00:00:00",157,0.3,47.4,36.645,1038,5637151739,MAWH0002,68,INMA,WEST
"2017-07-06 00:00:00",157,1,157,122.15,1072,5637150848,MAWH0002,68,INMA,WEST
"2017-07-06 00:00:00",162,0.26,26.806,21.4422,117,5637151815,MAWH0031,63,INMA,EAST
"2017-07-06 00:00:00",162,0.3,34.086,24.741,902,5637150703,MAWH0031,11,INMA,NORTH
"2017-07-06 00:00:00",167,0.3,27.6,30.537,902,5637150703,MAWH0002,11,INMA,NORTH
"2017-07-06 00:00:00",177,0.5,125.55,125,902,5637150703,MAWH0002,11,INMA,NORTH
"2017-07-06 00:00:00",186,0.2,66.876,68.678,902,5637150703,MAWH0002,11,INMA,NORTH
"2017-07-06 00:00:00",190,0.04,5.88,5.3216,163,5637149993,MAWH0005,26,INMA,SOUTH
"2017-07-06 00:00:00",228,0.6,59.442,33.822,117,5637151815,MAWH0002,63,INMA,EAST
"2017-07-06 00:00:00",230,1.5,267.3,201.06,117,5637151815,MAWH0002,63,INMA,EAST
"2017-07-06 00:00:00",230,0.06,11.217,8.0424,163,5637149993,MAWH0005,26,INMA,SOUTH
"2017-07-06 00:00:00",252,0.2,28.864,25.18,117,5637151815,MAWH0002,63,INMA,EAST
"2017-07-06 00:00:00",263,0.16,25.344,15.5984,117,5637151815,MAWH0002,63,INMA,EAST
"2017-07-06 00:00:00",263,3.2,508.8,311.968,163,5637149993,MAWH0031,26,INMA,SOUTH
"2017-07-06 00:00:00",265,2.2,315.502,189.618,117,5637151815,MAWH0031,63,INMA,EAST
"2017-07-06 00:00:00",267,0.5,76.725,46.78,117,5637151815,MAWH0002,63,INMA,EAST
"2017-07-06 00:00:00",267,0.1,15.057,9.356,902,5637150703,MAWH0002,11,INMA,NORTH
"2017-07-06 00:00:00",287,1.5,120,103.515,902,5637150703,MAWH0002,11,INMA,NORTH
"2017-07-06 00:00:00",297,0.1,16.372,8.468,902,5637150703,MAWH0002,11,INMA,NORTH
"2017-07-06 00:00:00",302,0.2,33.902,21.85,902,5637150703,MAWH0002,11,INMA,NORTH
"2017-07-06 00:00:00",303,0.5,83.18,50.11,117,5637151815,MAWH0031,63,INMA,EAST
"2017-07-06 00:00:00",303,0.3,49.476,30.066,902,5637150703,MAWH0002,11,INMA,NORTH
"2017-07-06 00:00:00",303,0.2,35.6,20.044,1072,5637150848,MAWH0002,68,INMA,WEST
"2017-07-06 00:00:00",322,0.5,48.57,62.595,114,5637164076,MAWH0029,63,INMA,EAST
"2017-07-06 00:00:00",337,0.045,6.51915,6.4449,902,5637150703,MAWH0002,11,INMA,NORTH
"2017-07-06 00:00:00",3125,0.5,23.78,20.915,902,5637150703,MAWH0002,11,INMA,NORTH
"2017-07-07 00:00:00",9,2,200,3350,215,5637151832,AGWH0002,29,INAG,VISTA
"2017-07-07 00:00:00",19,0.72,47.52,29.3112,1010,5637150800,MAWH0031,35,INMA,WEST
"2017-07-07 00:00:00",19,0.03,1.98,1.2213,1050,5637150829,MAWH0002,68,INMA,WEST
"2017-07-07 00:00:00",32,0.04,3.4,3.6832,275,5637150095,MAWH0006,56,INMA,SOUTH
"2017-07-07 00:00:00",32,0.24,21.84,22.0992,1010,5637150800,MAWH0031,35,INMA,WEST
"2017-07-07 00:00:00",32,0.3,28.5,27.624,1050,5637150829,MAWH0002,68,INMA,WEST
"2017-07-07 00:00:00",78,15.48,1095.984,932.9796,114,5637164076,MAWH0030,63,INMA,EAST
"2017-07-07 00:00:00",78,0.78,60.606,47.0106,275,5637150095,MAWH0006,56,INMA,SOUTH
"2017-07-07 00:00:00",78,7.5,455.55,452.025,1010,5637150800,MAWH0031,35,INMA,WEST
"2017-07-07 00:00:00",79,0.02,2.5326,2.9526,275,5637150095,MAWH0006,56,INMA,SOUTH
"2017-07-07 00:00:00",98,0.3,33.15,39.039,1050,5637150829,MAWH0002,68,INMA,WEST
"2017-07-07 00:00:00",102,0.7128,143.9856,104.8743,1017,5637151735,MAWH0031,13,INMA,WEST
"2017-07-07 00:00:00",118,0.15,21.4725,14.9565,1010,5637150800,MAWH0031,35,INMA,WEST
"2017-07-07 00:00:00",121,0.24,37.44,29.316,1010,5637150800,MAWH0031,35,INMA,WEST
"2017-07-07 00:00:00",121,0.3,46.8,36.645,1050,5637150829,MAWH0002,68,INMA,WEST
"2017-07-07 00:00:00",122,0.44,60.764,49.7376,1010,5637150800,MAWH0031,35,INMA,WEST
"2017-07-07 00:00:00",135,0.07,22.75,11.046,879,5637150680,MAWH0007,17,INMA,NORTH
"2017-07-07 00:00:00",137,0.25,62.5,48.75,275,5637150095,MAWH0006,56,INMA,SOUTH
"2017-07-07 00:00:00",141,0.5,102.5,78.9,1010,5637150800,MAWH0031,35,INMA,WEST
"2017-07-07 00:00:00",157,1,145,122.15,1010,5637150800,MAWH0031,35,INMA,WEST
"2017-07-07 00:00:00",157,0.5,80,61.075,1050,5637150829,MAWH0002,68,INMA,WEST
"2017-07-07 00:00:00",167,0.3,33,30.537,275,5637150095,MAWH0006,56,INMA,SOUTH
"2017-07-07 00:00:00",177,0.03,7.95,7.5,275,5637150095,MAWH0006,56,INMA,SOUTH
"2017-07-07 00:00:00",237,0.06,11.9412,6.9678,1017,5637151735,MAWH0031,13,INMA,WEST
"2017-07-07 00:00:00",259,0.7,385,509.6245,213,5637149845,AGWH0001,12,INAG,VISTA
"2017-07-07 00:00:00",263,2.448,389.232,238.6555,152,5637149829,MAWH0031,18,INMA,SOUTH
"2017-07-07 00:00:00",263,0.032,5.60768,3.1197,275,5637150095,MAWH0006,56,INMA,SOUTH
"2017-07-07 00:00:00",267,0.1,15.7,9.356,1050,5637150829,MAWH0002,68,INMA,WEST
"2017-07-07 00:00:00",297,0.04,6.88,3.3872,275,5637150095,MAWH0006,56,INMA,SOUTH
"2017-07-07 00:00:00",298,1.1,163.9,96.173,1010,5637150800,MAWH0031,35,INMA,WEST
"2017-07-07 00:00:00",303,1,170,100.22,1010,5637150800,MAWH0031,35,INMA,WEST
"2017-07-07 00:00:00",3120,0.5,200,109.9725,959,5637151727,MAWH0029,40,INMA,SOUTH
"2017-07-08 00:00:00",19,0.06,3.72,2.4426,942,5637150738,MAWH0008,24,INMA,SOUTH
"2017-07-08 00:00:00",21,0.04,2.5052,2.22,942,5637150738,MAWH0008,24,INMA,SOUTH
"2017-07-08 00:00:00",32,0.04,3.4936,3.6832,291,5637150111,MAWH0006,56,INMA,SOUTH
"2017-07-08 00:00:00",78,3.5,247.8,210.945,114,5637164076,MAWH0030,63,INMA,EAST
"2017-07-08 00:00:00",78,1.3,101.01,78.351,275,5637150095,MAWH0031,56,INMA,SOUTH
"2017-07-08 00:00:00",78,0.6,47.82,36.162,942,5637150738,MAWH0030,24,INMA,SOUTH
"2017-07-08 00:00:00",79,0.02,2.5326,2.9526,291,5637150111,MAWH0006,56,INMA,SOUTH
"2017-07-08 00:00:00",97,0.02,4.4054,3.6326,865,5637150666,MAWH0007,30,INMA,NORTH
"2017-07-08 00:00:00",97,0.04,7.81,7.2652,942,5637150738,MAWH0008,24,INMA,SOUTH
"2017-07-08 00:00:00",122,0.16,23.7872,18.0864,865,5637150666,MAWH0007,30,INMA,NORTH
"2017-07-08 00:00:00",157,0.02,3.14,2.443,291,5637150111,MAWH0006,56,INMA,SOUTH
"2017-07-08 00:00:00",157,0.1,15.7,12.215,865,5637150666,MAWH0007,30,INMA,NORTH
"2017-07-08 00:00:00",157,0.1,15.4,12.215,942,5637150738,MAWH0008,24,INMA,SOUTH
"2017-07-08 00:00:00",167,0.2,22,20.358,291,5637150111,MAWH0006,56,INMA,SOUTH
"2017-07-08 00:00:00",186,0.05,18.519,17.1695,865,5637150666,MAWH0007,30,INMA,NORTH
"2017-10-05 00:00:00",190,0.5,72.5,66.52,1010,5637150800,MAWH0002,35,INMA,WEST
"2017-10-05 00:00:00",250,0.3,210,110.7,1031,5637150816,MAWH0002,35,INMA,WEST
"2017-10-05 00:00:00",254,0.1,16.4,4.608,1010,5637150800,MAWH0002,35,INMA,WEST
"2017-10-05 00:00:00",263,1.152,183.168,112.3085,152,5637149829,MAWH0005,18,INMA,SOUTH
"2017-10-05 00:00:00",263,0.24,39.84,23.3976,1010,5637150800,MAWH0002,35,INMA,WEST
"2017-10-05 00:00:00",267,0.1,15.5,9.356,1010,5637150800,MAWH0002,35,INMA,WEST
"2017-10-05 00:00:00",267,0.04,6.26,3.7424,1039,5637167826,MAWH0002,68,INMA,WEST
"2017-10-05 00:00:00",297,0.2,31,16.936,152,5637149829,MAWH0005,18,INMA,SOUTH
"2017-10-05 00:00:00",298,1.5,223.5,131.145,1010,5637150800,MAWH0002,35,INMA,WEST
"2017-10-05 00:00:00",299,0.1,18,11.976,1010,5637150800,MAWH0002,35,INMA,WEST
"2017-10-05 00:00:00",299,0.1,19.5,11.976,1050,5637150829,MAWH0002,68,INMA,WEST
"2017-10-05 00:00:00",303,0.5,87.5,50.11,18,5637149854,MAWH0003,13,INMA,SOUTH
"2017-10-05 00:00:00",303,0.7,119,70.154,1010,5637150800,MAWH0002,35,INMA,WEST
"2017-10-05 00:00:00",303,0.3,54,30.066,1039,5637167826,MAWH0002,68,INMA,WEST
"2017-10-05 00:00:00",337,0.06,9.435,8.5932,1050,5637150829,MAWH0002,68,INMA,WEST
"2017-10-06 00:00:00",9,5,300,8375,218,5637150041,AGWH0002,40,INAG,VISTA
"2017-10-06 00:00:00",20,1,58.5,46.67,902,5637150703,MAWH0002,11,INMA,NORTH
"2017-10-06 00:00:00",32,0.04,4.0084,3.6832,75,5637151536,MAWH0003,40,INMA,SOUTH
"2017-10-06 00:00:00",78,0.3,22.41,18.081,29,5637149865,MAWH0003,13,INMA,SOUTH
"2017-10-06 00:00:00",78,5,346.5,301.35,114,5637164076,MAWH0030,63,INMA,EAST
"2017-10-06 00:00:00",78,1.4,108.78,84.378,275,5637150095,MAWH0006,56,INMA,SOUTH
"2017-10-06 00:00:00",78,8,485.92,482.16,1010,5637150800,MAWH0031,35,INMA,WEST
"2017-10-06 00:00:00",86,0.3,145.968,114.507,902,5637150703,MAWH0002,11,INMA,NORTH
"2017-10-06 00:00:00",93,0.08,34,29.812,902,5637150703,MAWH0002,11,INMA,NORTH
"2017-10-06 00:00:00",96,-0.5,-100,-66.7538,209,5637167829,AGWH0001,12,INAG,VISTA
"2017-10-06 00:00:00",96,1,190,133.5075,226,5637150049,AGWH0001,12,INAG,VISTA
"2017-10-06 00:00:00",96,-0.5,-95,-66.7538,226,5637167829,AGWH0001,12,INAG,VISTA
"2017-10-06 00:00:00",97,0.06,11.715,10.8978,942,5637150738,MAWH0008,24,INMA,SOUTH
"2017-10-06 00:00:00",101,0.4,196,176,942,5637150738,MAWH0008,24,INMA,SOUTH
"2017-10-06 00:00:00",106,0.12,305.28,63.3492,988,5637150781,MAWH0029,40,INMA,SOUTH
"2017-10-06 00:00:00",118,0.225,28.8945,22.4348,902,5637150703,MAWH0002,11,INMA,NORTH
"2017-10-06 00:00:00",121,0.6,88.902,73.29,902,5637150703,MAWH0002,11,INMA,NORTH
"2017-10-06 00:00:00",122,1,138.94,113.04,902,5637150703,MAWH0002,11,INMA,NORTH
"2017-10-06 00:00:00",136,1,215,157.8,1039,5637167826,MAWH0031,68,INMA,WEST
"2017-10-06 00:00:00",137,0.2,50,39,275,5637150095,MAWH0006,56,INMA,SOUTH
"2017-10-06 00:00:00",141,1,210,157.8,152,5637149829,MAWH0005,18,INMA,SOUTH
"2017-10-06 00:00:00",141,1.5,322.5,236.7,902,5637150703,MAWH0002,11,INMA,NORTH
"2017-10-06 00:00:00",141,0.6,127.2,94.68,942,5637150738,MAWH0008,24,INMA,SOUTH
"2017-10-06 00:00:00",157,0.12,18.84,14.658,275,5637150095,MAWH0006,56,INMA,SOUTH
"2017-10-06 00:00:00",157,4,588,488.6,902,5637150703,MAWH0002,11,INMA,NORTH
"2017-10-06 00:00:00",162,0.5,56.81,41.235,902,5637150703,MAWH0002,11,INMA,NORTH
"2017-10-06 00:00:00",163,0.16,19.1984,14.0448,902,5637150703,MAWH0002,11,INMA,NORTH
"2017-10-06 00:00:00",165,0.3,34.749,24.705,902,5637150703,MAWH0002,11,INMA,NORTH
"2017-10-06 00:00:00",167,0.2,22,20.358,275,5637150095,MAWH0006,56,INMA,SOUTH
"2017-10-06 00:00:00",167,0.2,18.4,20.358,902,5637150703,MAWH0002,11,INMA,NORTH
"2017-10-06 00:00:00",177,0.03,7.95,7.5,275,5637150095,MAWH0006,56,INMA,SOUTH
"2017-10-06 00:00:00",177,0.3,75.33,75,902,5637150703,MAWH0002,11,INMA,NORTH
"2017-10-06 00:00:00",190,0.1,14.434,13.304,902,5637150703,MAWH0002,11,INMA,NORTH
"2017-10-06 00:00:00",201,0.1,20,15.78,213,5637149845,AGWH0001,12,INAG,VISTA
"2017-10-06 00:00:00",202,-1.5,-285,-231.6325,209,5637167829,AGWH0001,12,INAG,VISTA
"2017-10-06 00:00:00",254,0.2,25.79,9.216,902,5637150703,MAWH0002,11,INMA,NORTH
"2017-10-06 00:00:00",259,0.5,275,364.0175,213,5637149845,AGWH0001,12,INAG,VISTA
"2017-10-06 00:00:00",263,1.12,178.08,109.1888,152,5637149829,MAWH0005,18,INMA,SOUTH
"2017-10-06 00:00:00",263,0.016,2.80384,1.5598,275,5637150095,MAWH0006,56,INMA,SOUTH
"2017-10-06 00:00:00",263,0.08,12.4176,7.7992,902,5637150703,MAWH0002,11,INMA,NORTH
"2017-10-06 00:00:00",267,0.1,15.057,9.356,902,5637150703,MAWH0002,11,INMA,NORTH
"2017-10-06 00:00:00",287,0.3,24,20.703,902,5637150703,MAWH0002,11,INMA,NORTH
"2017-10-06 00:00:00",297,0.04,6.88,3.3872,275,5637150095,MAWH0006,56,INMA,SOUTH
"2017-10-06 00:00:00",297,0.2,32.744,16.936,902,5637150703,MAWH0002,11,INMA,NORTH
"2017-10-06 00:00:00",302,0.1,16.951,10.925,902,5637150703,MAWH0002,11,INMA,NORTH
"2017-10-06 00:00:00",303,0.02,3.54,2.0044,75,5637151536,MAWH0003,40,INMA,SOUTH
"2017-10-06 00:00:00",303,0.3,49.476,30.066,902,5637150703,MAWH0002,11,INMA,NORTH
"2017-10-06 00:00:00",322,0.06,6.4032,7.5114,902,5637150703,MAWH0002,11,INMA,NORTH
"2017-10-06 00:00:00",337,0.06,8.6922,8.5932,902,5637150703,MAWH0002,11,INMA,NORTH
"2017-10-06 00:00:00",3267,4,598.29254,476.68,805,5637150610,TNWH0012,44,INMA,SOUTH
"2017-10-06 00:00:00",3268,10,1234.46824,1243.3,805,5637150610,TNWH0012,44,INMA,SOUTH
"2017-10-07 00:00:00",78,1,74,60.27,18,5637149854,MAWH0004,13,INMA,SOUTH
"2017-10-07 00:00:00",78,2.48,171.864,149.4696,114,5637164076,MAWH0030,63,INMA,EAST
"2017-10-07 00:00:00",78,2,135.5,120.54,1072,5637164083,MAWH0031,68,INMA,WEST
"2017-10-07 00:00:00",86,0.08,38.9248,30.5352,849,5637150652,MAWH0007,69,INMA,NORTH
"2017-10-07 00:00:00",98,0.25,27.625,32.5325,92,5637149926,MAWH0003,40,INMA,SOUTH
"2017-10-07 00:00:00",99,0.16,27.2208,25.2464,92,5637149926,MAWH0003,40,INMA,SOUTH
"2017-10-07 00:00:00",141,0.04,9.2,6.312,849,5637150652,MAWH0007,69,INMA,NORTH
"2017-10-07 00:00:00",157,0.2,31.4,24.43,849,5637150652,MAWH0007,69,INMA,NORTH
"2017-10-07 00:00:00",254,0.2,27.596,9.216,849,5637150652,MAWH0007,69,INMA,NORTH
"2017-10-07 00:00:00",297,0.02,3.58,1.6936,849,5637150652,MAWH0007,69,INMA,NORTH
"2017-10-08 00:00:00",78,6.73,466.389,405.6171,114,5637164076,MAWH0030,63,INMA,EAST
"2017-10-09 00:00:00",78,0.1,7.47,6.027,29,5637149865,MAWH0003,13,INMA,SOUTH
"2017-10-09 00:00:00",78,0.4,29.88,24.108,29,5637149865,MAWH0004,13,INMA,SOUTH
"2017-10-09 00:00:00",78,7.88,546.084,474.9276,114,5637164076,MAWH0030,63,INMA,EAST
"2017-10-09 00:00:00",78,0.75,59.775,45.2025,942,5637150738,MAWH0030,24,INMA,SOUTH
"2017-10-09 00:00:00",98,0.225,24.8625,29.2793,152,5637149829,MAWH0005,18,INMA,SOUTH
"2017-10-09 00:00:00",121,0.04,6.32,4.886,152,5637149829,MAWH0005,18,INMA,SOUTH
"2017-10-09 00:00:00",122,0.04,5.88,4.5216,152,5637149829,MAWH0005,18,INMA,SOUTH
"2017-10-09 00:00:00",122,0.4,56.864,45.216,1039,5637167826,MAWH0002,68,INMA,WEST
"2017-10-09 00:00:00",141,1,210,157.8,152,5637149829,MAWH0005,18,INMA,SOUTH
"2017-10-09 00:00:00",157,0.2,30.4,24.43,152,5637149829,MAWH0005,18,INMA,SOUTH
"2017-10-09 00:00:00",157,1,157,122.15,1039,5637167826,MAWH0002,68,INMA,WEST
"2017-08-17 00:00:00",163,0.08,8.8576,7.0224,114,5637164076,MAWH0002,63,INMA,EAST
"2017-08-17 00:00:00",167,0.14,14.28,14.2506,152,5637149829,MAWH0005,18,INMA,SOUTH
"2017-08-17 00:00:00",167,0.04,4.08,4.0716,163,5637149993,MAWH0005,26,INMA,SOUTH
"2017-08-17 00:00:00",167,0.04,4.44,4.0716,309,5637150128,MAWH0006,56,INMA,SOUTH
"2017-08-17 00:00:00",186,0.475,99.4555,163.1103,114,5637164076,MAWH0002,63,INMA,EAST
"2017-08-17 00:00:00",201,0.3,69,47.34,209,5637151772,AGWH0001,12,INAG,VISTA
"2017-08-17 00:00:00",201,0.2,41,31.56,226,5637150049,AGWH0001,12,INAG,VISTA
"2017-08-17 00:00:00",228,0.5,50.325,28.185,114,5637164076,MAWH0002,63,INMA,EAST
"2017-08-17 00:00:00",254,0.06,8.4,2.7648,117,5637165581,MAWH0002,63,INMA,EAST
"2017-08-17 00:00:00",259,-0.15,-75,-109.2053,226,5637148386,AGWH0002,12,INAG,VISTA
"2017-08-17 00:00:00",259,-0.5,-287.5,-364.0175,243,5637148386,AGWH0002,29,INAG,VISTA
"2017-08-17 00:00:00",261,0.25,102.5,78.672,209,5637151772,AGWH0001,12,INAG,VISTA
"2017-08-17 00:00:00",263,0.48,76.32,46.7952,152,5637149829,MAWH0005,18,INMA,SOUTH
"2017-08-17 00:00:00",263,1.6,254.4,155.984,163,5637149993,MAWH0005,26,INMA,SOUTH
"2017-08-17 00:00:00",265,1.4,203.98,120.666,114,5637164076,MAWH0002,63,INMA,EAST
"2017-08-17 00:00:00",267,1,153.45,93.56,117,5637165581,MAWH0002,63,INMA,EAST
"2017-08-17 00:00:00",267,0.06,9.3144,5.6136,309,5637150128,MAWH0006,56,INMA,SOUTH
"2017-08-17 00:00:00",287,1.005,78.9528,69.3551,117,5637165581,MAWH0002,63,INMA,EAST
"2017-08-17 00:00:00",297,0.04,6.88,3.3872,309,5637150128,MAWH0006,56,INMA,SOUTH
"2017-08-17 00:00:00",303,0.4,67.608,40.088,114,5637164076,MAWH0002,63,INMA,EAST
"2017-08-17 00:00:00",304,0.04,4.2,2.5936,152,5637149829,MAWH0005,18,INMA,SOUTH
"2017-08-17 00:00:00",316,0.1,10.131,9.627,163,5637149993,MAWH0005,26,INMA,SOUTH
"2017-08-18 00:00:00",32,0.04,4.0084,3.6832,75,5637151536,MAWH0003,40,INMA,SOUTH
"2017-08-18 00:00:00",32,0.2,15,18.416,152,5637149829,MAWH0005,18,INMA,SOUTH
"2017-08-18 00:00:00",69,0.012,2.85216,2.5943,291,5637150111,MAWH0006,56,INMA,SOUTH
"2017-08-18 00:00:00",78,1,74,60.27,18,5637149854,MAWH0004,13,INMA,SOUTH
"2017-08-18 00:00:00",78,4.06,281.358,244.6962,114,5637164076,MAWH0030,63,INMA,EAST
"2017-08-18 00:00:00",78,0.62,48.174,37.3674,275,5637150095,MAWH0006,56,INMA,SOUTH
"2017-08-18 00:00:00",79,0.1,12.663,14.763,291,5637150111,MAWH0006,56,INMA,SOUTH
"2017-08-18 00:00:00",86,0.2,97.312,76.338,117,5637165581,MAWH0003,63,INMA,EAST
"2017-08-18 00:00:00",97,0.04,7.81,7.2652,275,5637150095,MAWH0006,56,INMA,SOUTH
"2017-08-18 00:00:00",97,0.2,39.05,36.326,291,5637150111,MAWH0006,56,INMA,SOUTH
"2017-08-18 00:00:00",101,0.5,245,220,942,5637150738,MAWH0008,24,INMA,SOUTH
"2017-08-18 00:00:00",122,0.06,8.82,6.7824,75,5637151536,MAWH0003,40,INMA,SOUTH
"2017-08-18 00:00:00",137,0.15,37.5,29.25,275,5637150095,MAWH0006,56,INMA,SOUTH
"2017-08-18 00:00:00",137,0.05,12.5,9.75,291,5637150111,MAWH0006,56,INMA,SOUTH
"2017-08-18 00:00:00",141,1,210,157.8,152,5637149829,MAWH0005,18,INMA,SOUTH
"2017-08-18 00:00:00",157,0.3,47.1,36.645,71,5637149906,MAWH0003,36,INMA,SOUTH
"2017-08-18 00:00:00",157,0.02,3.14,2.443,275,5637150095,MAWH0006,56,INMA,SOUTH
"2017-08-18 00:00:00",157,0.04,6.28,4.886,291,5637150111,MAWH0006,56,INMA,SOUTH
"2017-08-18 00:00:00",167,0.16,17.6,16.2864,275,5637150095,MAWH0006,56,INMA,SOUTH
"2017-08-18 00:00:00",167,0.26,28.6,26.4654,291,5637150111,MAWH0006,56,INMA,SOUTH
"2017-08-18 00:00:00",177,0.1,26.5,25,152,5637149829,MAWH0005,18,INMA,SOUTH
"2017-08-18 00:00:00",177,0.13,34.45,32.5,275,5637150095,MAWH0006,56,INMA,SOUTH
"2017-08-18 00:00:00",184,0.06,5.4,4.0248,114,5637164076,MAWH0029,63,INMA,EAST
"2017-10-09 00:00:00",157,0.5,78.5,61.075,1072,5637164083,MAWH0002,68,INMA,WEST
"2017-10-09 00:00:00",217,0.001,0.26663,0.1888,152,5637149829,MAWH0005,18,INMA,SOUTH
"2017-10-09 00:00:00",254,0.04,4.68,1.8432,152,5637149829,MAWH0005,18,INMA,SOUTH
"2017-10-09 00:00:00",303,0.3,54,30.066,1039,5637167826,MAWH0002,68,INMA,WEST
"2017-10-09 00:00:00",316,0.3,28.548,28.881,942,5637150738,MAWH0008,24,INMA,SOUTH
"2017-10-09 00:00:00",749,7,1152.17036,0,828,5637151804,TNWH0012,44,INMA,SOUTH
"2017-10-09 00:00:00",755,1.5,263.54917,0,828,5637151804,TNWH0012,44,INMA,SOUTH
"2017-10-09 00:00:00",762,1.975,201.23792,0,828,5637151804,TNWH0012,44,INMA,SOUTH
"2017-10-09 00:00:00",765,2.35,406.75402,0,828,5637151804,TNWH0012,44,INMA,SOUTH
"2017-10-10 00:00:00",32,0.2,15,18.416,163,5637149993,MAWH0005,26,INMA,SOUTH
"2017-10-10 00:00:00",78,5.09,352.737,306.7743,114,5637164076,MAWH0030,63,INMA,EAST
"2017-10-10 00:00:00",78,8,485.92,482.16,1010,5637150800,MAWH0031,35,INMA,WEST
"2017-10-10 00:00:00",97,0.1,19.525,18.163,163,5637149993,MAWH0005,26,INMA,SOUTH
"2017-10-10 00:00:00",102,-0.324,-65.448,-47.6701,860,5637149832,MAWH0031,70,INMA,NORTH
"2017-10-10 00:00:00",102,0.324,65.448,47.6701,860,5637151702,MAWH0007,70,INMA,NORTH
"2017-10-10 00:00:00",102,0.324,65.448,47.6701,860,5637151702,MAWH0031,70,INMA,NORTH
"2017-10-10 00:00:00",135,0.1,32.5,15.78,879,5637150680,MAWH0007,17,INMA,NORTH
"2017-10-10 00:00:00",190,0.02,2.94,2.6608,163,5637149993,MAWH0005,26,INMA,SOUTH
"2017-10-10 00:00:00",229,0.6,108,76.938,84,5637149918,MAWH0003,13,INMA,SOUTH
"2017-10-10 00:00:00",237,-0.036,-7.17156,-4.1807,860,5637149832,MAWH0031,70,INMA,NORTH
"2017-10-10 00:00:00",237,0.036,7.17156,4.1807,860,5637151702,MAWH0007,70,INMA,NORTH
"2017-10-10 00:00:00",237,0.036,7.17156,4.1807,860,5637151702,MAWH0031,70,INMA,NORTH
"2017-10-11 00:00:00",32,0.04,3.4,3.6832,309,5637150128,MAWH0006,56,INMA,SOUTH
"2017-10-11 00:00:00",61,0.024,8.54232,5.9784,902,5637150703,MAWH0007,11,INMA,NORTH
"2017-10-11 00:00:00",78,1,74,60.27,18,5637149854,MAWH0004,13,INMA,SOUTH
"2017-10-11 00:00:00",78,8.77,607.761,528.5679,114,5637164076,MAWH0030,63,INMA,EAST
"2017-10-11 00:00:00",78,0.8,51.928,48.216,1078,5637165608,MAWH0031,68,INMA,WEST
"2017-10-11 00:00:00",93,0.2,85,74.53,902,5637150703,MAWH0007,11,INMA,NORTH
"2017-10-11 00:00:00",122,0.16,23.7872,18.0864,904,5637151714,MAWH0007,17,INMA,NORTH
"2017-10-11 00:00:00",141,1,210,157.8,152,5637149829,MAWH0005,18,INMA,SOUTH
"2017-10-11 00:00:00",141,0.07,16.1,11.046,904,5637151714,MAWH0007,17,INMA,NORTH
"2017-10-11 00:00:00",157,0.2,31.4,24.43,904,5637151714,MAWH0007,17,INMA,NORTH
"2017-10-11 00:00:00",167,0.04,4.4,4.0716,278,5637150098,MAWH0006,56,INMA,SOUTH
"2017-10-11 00:00:00",167,0.1,11.1,10.179,309,5637150128,MAWH0006,56,INMA,SOUTH
"2017-10-11 00:00:00",254,0.1,13.798,4.608,904,5637151714,MAWH0007,17,INMA,NORTH
"2017-10-11 00:00:00",263,0.032,5.7296,3.1197,278,5637150098,MAWH0006,56,INMA,SOUTH
"2017-10-11 00:00:00",265,0.04,6.0192,3.4476,278,5637150098,MAWH0006,56,INMA,SOUTH
"2017-10-11 00:00:00",267,0.1,15.524,9.356,309,5637150128,MAWH0006,56,INMA,SOUTH
"2017-10-11 00:00:00",297,0.02,3.44,1.6936,309,5637150128,MAWH0006,56,INMA,SOUTH
"2017-10-11 00:00:00",303,0.1,18,10.022,904,5637151714,MAWH0007,17,INMA,NORTH
"2017-10-11 00:00:00",322,0.04,4.2688,5.0076,902,5637150703,MAWH0007,11,INMA,NORTH
"2017-10-11 00:00:00",334,0.05,5.947,6.171,278,5637150098,MAWH0006,56,INMA,SOUTH
"2017-10-11 00:00:00",334,0.025,3.062,3.0855,309,5637150128,MAWH0006,56,INMA,SOUTH
"2017-10-11 00:00:00",337,0.24,34.6152,34.3728,902,5637150703,MAWH0007,11,INMA,NORTH
"2017-10-11 00:00:00",348,0.6,379.2,293.745,864,5637151703,MAWH0007,70,INMA,NORTH
"2017-10-11 00:00:00",3125,0.02,0.9512,0.8366,904,5637151714,MAWH0007,17,INMA,NORTH
"2017-10-12 00:00:00",22,0.5,28.125,22.66,1010,5637150800,MAWH0002,35,INMA,WEST
"2017-10-12 00:00:00",32,0.8,72.8,73.664,1010,5637150800,MAWH0002,35,INMA,WEST
"2017-10-12 00:00:00",78,7.48,518.364,450.8196,114,5637164076,MAWH0030,63,INMA,EAST
"2017-10-12 00:00:00",78,1.5,106.095,90.405,1050,5637150829,MAWH0031,68,INMA,WEST
"2017-10-12 00:00:00",78,1,62.17,60.27,1051,5637150830,MAWH0031,68,INMA,WEST
"2017-10-12 00:00:00",93,0.1,42.8,37.265,165,5637149995,MAWH0005,46,INMA,SOUTH
"2017-10-12 00:00:00",93,0.02,8.5,7.453,902,5637150703,MAWH0031,11,INMA,NORTH
"2017-10-12 00:00:00",97,4,830.8,726.52,902,5637150703,MAWH0031,11,INMA,NORTH
"2017-10-12 00:00:00",97,0.6,132.162,108.978,904,5637151714,MAWH0007,17,INMA,NORTH
"2017-10-12 00:00:00",97,0.2,37.85,36.326,1010,5637150800,MAWH0002,35,INMA,WEST
"2017-10-12 00:00:00",98,0.15,16.275,19.5195,1010,5637150800,MAWH0002,35,INMA,WEST
"2017-10-12 00:00:00",117,0.08,12.7136,8.904,152,5637149829,MAWH0005,18,INMA,SOUTH
"2017-10-12 00:00:00",118,0.225,29.31075,22.4348,902,5637150703,MAWH0031,11,INMA,NORTH
"2017-10-12 00:00:00",118,0.075,10.6755,7.4783,1010,5637150800,MAWH0002,35,INMA,WEST
"2017-10-12 00:00:00",121,0.04,6.32,4.886,152,5637149829,MAWH0005,18,INMA,SOUTH
"2017-10-12 00:00:00",121,0.6,88.902,73.29,902,5637150703,MAWH0031,11,INMA,NORTH
"2017-10-12 00:00:00",122,0.8,110.48,90.432,1010,5637150800,MAWH0002,35,INMA,WEST
"2017-10-12 00:00:00",141,0.03,6.9,4.734,904,5637151714,MAWH0007,17,INMA,NORTH
"2017-10-12 00:00:00",141,0.8,164,126.24,1010,5637150800,MAWH0002,35,INMA,WEST
"2017-10-12 00:00:00",157,0.1,15.2,12.215,152,5637149829,MAWH0005,18,INMA,SOUTH
"2017-10-12 00:00:00",157,0.04,6.4448,4.886,165,5637149995,MAWH0005,46,INMA,SOUTH
"2017-10-12 00:00:00",171,0.06,11.55,11.3118,165,5637149995,MAWH0005,46,INMA,SOUTH
"2017-10-12 00:00:00",254,0.1,12.895,4.608,902,5637150703,MAWH0031,11,INMA,NORTH
"2017-10-12 00:00:00",254,0.1,16.4,4.608,1010,5637150800,MAWH0002,35,INMA,WEST
"2017-10-12 00:00:00",263,0.16,26.56,15.5984,1010,5637150800,MAWH0002,35,INMA,WEST
"2017-10-12 00:00:00",297,0.08,12.4,6.7744,152,5637149829,MAWH0005,18,INMA,SOUTH
"2017-10-12 00:00:00",297,0.02,3.286,1.6936,165,5637149995,MAWH0005,46,INMA,SOUTH
"2017-10-12 00:00:00",297,0.1,17,8.468,269,5637150090,MAWH0006,56,INMA,SOUTH
"2017-10-12 00:00:00",299,0.1,18,11.976,1010,5637150800,MAWH0002,35,INMA,WEST
"2017-10-12 00:00:00",302,0.5,92.5,54.625,1010,5637150800,MAWH0002,35,INMA,WEST
"2017-10-12 00:00:00",303,0.8,136,80.176,1010,5637150800,MAWH0002,35,INMA,WEST
"2017-10-12 00:00:00",304,0.06,6.3,3.8904,152,5637149829,MAWH0005,18,INMA,SOUTH
"2017-10-12 00:00:00",326,0.125,17.57125,16.6,1010,5637150800,MAWH0002,35,INMA,WEST
"2017-10-13 00:00:00",19,0.48,31.68,19.5408,1010,5637150800,MAWH0031,35,INMA,WEST
"2017-10-13 00:00:00",32,1.3,109.473,119.704,117,5637165581,MAWH0002,63,INMA,EAST
"2017-10-13 00:00:00",32,0.4,32.04,36.832,902,5637150703,MAWH0002,11,INMA,NORTH
"2017-10-13 00:00:00",32,0.1,9.5,9.208,1050,5637150829,MAWH0002,68,INMA,WEST
"2017-10-13 00:00:00",61,0.012,4.81716,2.9892,291,5637150111,MAWH0006,56,INMA,SOUTH
"2017-10-13 00:00:00",62,1.8,549,267.588,114,5637164076,MAWH0029,63,INMA,EAST
"2017-10-13 00:00:00",76,0.3,21.51,14.484,1039,5637167826,MAWH0031,68,INMA,WEST
"2017-10-13 00:00:00",78,0.3,22.41,18.081,29,5637149865,MAWH0004,13,INMA,SOUTH
"2017-10-13 00:00:00",78,0.03,2.511,1.8081,75,5637151536,MAWH0003,40,INMA,SOUTH
"2017-08-18 00:00:00",251,0.032,5.18144,4.319,291,5637150111,MAWH0006,56,INMA,SOUTH
"2017-08-18 00:00:00",259,2,1200,1456.07,215,5637151832,AGWH0002,29,INAG,VISTA
"2017-08-18 00:00:00",260,0.55,0.055,120.6288,215,5637151832,AGWH0002,29,INAG,VISTA
"2017-08-18 00:00:00",263,0.048,8.41152,4.6795,275,5637150095,MAWH0006,56,INMA,SOUTH
"2017-08-18 00:00:00",263,0.16,28.648,15.5984,291,5637150111,MAWH0006,56,INMA,SOUTH
"2017-08-18 00:00:00",267,0.1,15.905,9.356,291,5637150111,MAWH0006,56,INMA,SOUTH
"2017-08-18 00:00:00",297,0.1,15.5,8.468,152,5637149829,MAWH0005,18,INMA,SOUTH
"2017-08-18 00:00:00",297,0.08,13.76,6.7744,275,5637150095,MAWH0006,56,INMA,SOUTH
"2017-08-18 00:00:00",303,0.2,35.4,20.044,64,5637149900,MAWH0003,36,INMA,SOUTH
"2017-08-18 00:00:00",303,0.04,7.08,4.0088,75,5637151536,MAWH0003,40,INMA,SOUTH
"2017-08-18 00:00:00",315,0.06,19.5,14.316,117,5637165581,MAWH0003,63,INMA,EAST
"2017-08-18 00:00:00",316,0.1,9.731,9.627,291,5637150111,MAWH0006,56,INMA,SOUTH
"2017-08-18 00:00:00",334,0.025,2.9735,3.0855,291,5637150111,MAWH0006,56,INMA,SOUTH
"2017-08-18 00:00:00",3178,0.125,37.5,26.125,990,5637149923,MAWH0029,40,INMA,SOUTH
"2017-08-18 00:00:00",3178,0.35,105,73.15,991,5637150783,MAWH0029,40,INMA,SOUTH
"2017-08-18 00:00:00",3201,5,300,490,218,5637150041,AGWH0002,40,INAG,VISTA
"2017-08-19 00:00:00",19,0.15,9.3,6.1065,942,5637157339,MAWH0008,24,INMA,SOUTH
"2017-08-19 00:00:00",78,2.21,153.153,133.1967,114,5637164076,MAWH0030,63,INMA,EAST
"2017-08-19 00:00:00",78,1.8,121.95,108.486,1072,5637164083,MAWH0031,68,INMA,WEST
"2017-08-19 00:00:00",78,2,129.82,120.54,1078,5637165608,MAWH0031,68,INMA,WEST
"2017-08-19 00:00:00",86,0.2,97.312,76.338,902,5637150703,MAWH0007,11,INMA,NORTH
"2017-08-19 00:00:00",97,0.28,57.0948,50.8564,902,5637150703,MAWH0007,11,INMA,NORTH
"2017-08-19 00:00:00",98,0.25,27.625,32.5325,92,5637149926,MAWH0003,40,INMA,SOUTH
"2017-08-19 00:00:00",99,0.16,27.2208,25.2464,92,5637149926,MAWH0003,40,INMA,SOUTH
"2017-08-19 00:00:00",101,0.5,250,220,944,5637150740,MAWH0008,71,INMA,SOUTH
"2017-08-19 00:00:00",141,0.02,4.24,3.156,1114,5637157337,MAWH0008,40,INMA,SOUTH
"2017-08-19 00:00:00",186,0.2,66.876,68.678,902,5637150703,MAWH0007,11,INMA,NORTH
"2017-08-19 00:00:00",254,0.02,2.34,0.9216,152,5637149829,MAWH0005,18,INMA,SOUTH
"2017-08-19 00:00:00",259,1,550,728.035,213,5637149845,AGWH0001,12,INAG,VISTA
"2017-08-19 00:00:00",263,1.12,178.08,109.1888,152,5637149829,MAWH0005,18,INMA,SOUTH
"2017-08-19 00:00:00",297,0.06,9.3,5.0808,152,5637149829,MAWH0005,18,INMA,SOUTH
"2017-08-19 00:00:00",337,0.15,21.6345,21.483,902,5637150703,MAWH0007,11,INMA,NORTH
"2017-08-19 00:00:00",3125,0.02,0.9512,0.8366,152,5637149829,MAWH0005,18,INMA,SOUTH
"2017-08-20 00:00:00",21,0.2,12.726,11.1,1039,5637167826,MAWH0002,68,INMA,WEST
"2017-08-20 00:00:00",78,5.01,347.193,301.9527,114,5637164076,MAWH0030,63,INMA,EAST
"2017-08-20 00:00:00",78,7.5,455.55,452.025,1010,5637150800,MAWH0031,35,INMA,WEST
"2017-08-20 00:00:00",122,0.2,28.432,22.608,1039,5637167826,MAWH0002,68,INMA,WEST
"2017-08-20 00:00:00",141,0.2,43,31.56,1072,5637164083,MAWH0002,68,INMA,WEST
"2017-08-20 00:00:00",157,0.54,84.78,65.961,1039,5637167826,MAWH0002,68,INMA,WEST
"2017-08-20 00:00:00",303,0.3,53.4,30.066,1072,5637164083,MAWH0002,68,INMA,WEST
"2017-12-07 00:00:00",270,0.024,4.0536,3.2294,114,5637164076,MAWH0029,63,INMA,EAST
"2017-12-07 00:00:00",297,0.02,3.286,1.6936,165,5637149995,MAWH0005,46,INMA,SOUTH
"2017-12-07 00:00:00",297,0.12,20.64,10.1616,287,5637150107,MAWH0006,56,INMA,SOUTH
"2017-12-07 00:00:00",302,0.2,37,21.85,1051,5637150830,MAWH0002,58,INMA,WEST
"2017-12-07 00:00:00",303,0.5,90,50.11,879,5637150680,MAWH0007,17,INMA,NORTH
"2017-12-07 00:00:00",326,0.125,15.905,16.6,1051,5637150830,MAWH0002,58,INMA,WEST
"2017-12-07 00:00:00",334,0.1,11.938,12.342,287,5637150107,MAWH0006,56,INMA,SOUTH
"2017-12-07 00:00:00",343,0.06,7.7874,7.4928,114,5637164076,MAWH0029,63,INMA,EAST
"2017-12-07 00:00:00",1198,8.05,585.35978,0,805,5637150610,TNWH0012,44,INMA,SOUTH
"2017-12-07 00:00:00",3197,0.5,275,209.2771,209,5637151772,AGWH0001,12,INAG,VISTA
"2017-12-07 00:00:00",3201,0.2,16,19.6,226,5637150049,AGWH0001,12,INAG,VISTA
"2017-12-07 00:00:00",3332,16.1,1958.10615,1803.2,805,5637150610,TNWH0012,44,INMA,SOUTH
"2017-12-08 00:00:00",11,0.25,51.25,39.45,226,5637150049,AGWH0001,12,INMA,VISTA
"2017-12-08 00:00:00",78,1,74,60.27,18,5637149854,MAWH0004,13,INMA,SOUTH
"2017-12-08 00:00:00",78,0.4,29.88,24.108,29,5637149865,MAWH0004,13,INMA,SOUTH
"2017-12-08 00:00:00",78,11.79,817.047,710.5833,114,5637164076,MAWH0030,63,INMA,EAST
"2017-12-08 00:00:00",78,1.3,101.01,78.351,275,5637150095,MAWH0006,56,INMA,SOUTH
"2017-12-08 00:00:00",78,0.5,39.1,30.135,942,5637150738,MAWH0008,24,INMA,SOUTH
"2017-12-08 00:00:00",78,8.67,526.6158,522.5409,1010,5637150800,MAWH0031,35,INMA,WEST
"2017-12-08 00:00:00",78,1.25,77.7125,75.3375,1051,5637150830,MAWH0031,58,INMA,WEST
"2017-12-08 00:00:00",97,0.5,115,90.815,1151,5637176866,MAWH0007,30,INMA,NORTH
"2017-12-08 00:00:00",101,1,500,440,944,5637150740,MAWH0008,71,INMA,SOUTH
"2017-12-08 00:00:00",122,0.14,20.58,15.8256,275,5637150095,MAWH0006,56,INMA,SOUTH
"2017-12-08 00:00:00",137,0.03,7.5,5.85,275,5637150095,MAWH0006,56,INMA,SOUTH
"2017-12-08 00:00:00",157,0.02,3.3,2.443,275,5637150095,MAWH0006,56,INMA,SOUTH
"2017-12-08 00:00:00",157,1,165,122.15,997,5637150788,MAWH0002,68,INMA,WEST
"2017-12-08 00:00:00",177,0.03,7.95,7.5,275,5637150095,MAWH0006,56,INMA,SOUTH
"2017-12-08 00:00:00",195,0.05,9.1685,7.0565,902,5637150703,MAWH0029,11,INMA,NORTH
"2017-12-08 00:00:00",263,0.048,8.41152,4.6795,275,5637150095,MAWH0006,56,INMA,SOUTH
"2017-12-08 00:00:00",267,0.1,15.9,9.356,64,5637149900,MAWH0003,36,INMA,SOUTH
"2017-12-08 00:00:00",297,0.02,3.44,1.6936,275,5637150095,MAWH0006,56,INMA,SOUTH
"2017-12-08 00:00:00",303,0.2,35.4,20.044,64,5637149900,MAWH0003,36,INMA,SOUTH
"2017-12-08 00:00:00",334,0.2,28.6,24.684,942,5637150738,MAWH0029,24,INMA,SOUTH
"2017-12-08 00:00:00",335,0.075,9.51225,6.9105,942,5637150738,MAWH0008,24,INMA,SOUTH
"2017-12-08 00:00:00",3201,2.5,150,245,218,5637150041,AGWH0004,40,INAG,VISTA
"2017-12-08 00:00:00",3206,1.5,150,0,10,5637151809,AGWH0002,48,INAG,VISTA
"2017-12-09 00:00:00",32,0.1,9.5,9.208,1039,5637167826,MAWH0002,68,INMA,WEST
"2017-12-09 00:00:00",32,0.1,9.5,9.208,1050,5637150829,MAWH0002,68,INMA,WEST
"2017-12-09 00:00:00",78,8.01,555.093,482.7627,114,5637164076,MAWH0030,63,INMA,EAST
"2017-12-09 00:00:00",121,0.5,75.015,61.075,117,5637165581,MAWH0002,63,INMA,EAST
"2017-12-09 00:00:00",121,0.4,62.4,48.86,1050,5637150829,MAWH0002,68,INMA,WEST
"2017-12-09 00:00:00",122,3,444.09,339.12,117,5637165581,MAWH0002,63,INMA,EAST
"2017-12-09 00:00:00",122,1,142.16,113.04,1039,5637167826,MAWH0002,68,INMA,WEST
"2017-12-09 00:00:00",137,0.18,42.3,35.1,117,5637165581,MAWH0002,63,INMA,EAST
"2017-12-09 00:00:00",141,2.7,585.9,426.06,117,5637165581,MAWH0002,63,INMA,EAST
"2017-12-09 00:00:00",141,0.75,157.5,118.35,163,5637149993,MAWH0005,26,INMA,SOUTH
"2017-12-09 00:00:00",141,0.2,43,31.56,1050,5637150829,MAWH0002,68,INMA,WEST
"2017-12-09 00:00:00",157,3.3,511.5,403.095,117,5637165581,MAWH0002,63,INMA,EAST
"2017-12-09 00:00:00",157,1,165,122.15,1039,5637167826,MAWH0002,68,INMA,WEST
"2017-12-09 00:00:00",157,0.4,67.2,48.86,1050,5637150829,MAWH0002,68,INMA,WEST
"2017-08-29 00:00:00",98,0.25,27.625,32.5325,152,5637149829,MAWH0005,18,INMA,SOUTH
"2017-06-13 00:00:00",263,0.08,12.8,7.7992,139,5637149971,MAWH0002,4,INMA,EAST
"2017-06-13 00:00:00",265,0.1,14.8,8.619,139,5637149971,MAWH0002,4,INMA,EAST
"2017-06-13 00:00:00",298,0.06,10.8,5.2458,1043,5637151741,MAWH0002,35,INMA,WEST
"2017-06-13 00:00:00",322,0.5,56,62.595,139,5637149971,MAWH0002,4,INMA,EAST
"2017-06-14 00:00:00",9,5.05,353.5,8458.75,242,5637150064,AGWH0002,40,INAG,VISTA
"2017-06-14 00:00:00",13,1.3,266.5,160.316,242,5637150064,AGWH0002,40,INAG,VISTA
"2017-06-14 00:00:00",21,0.02,1.5488,1.11,899,5637150700,MAWH0007,30,INMA,NORTH
"2017-06-14 00:00:00",32,0.08,6.8568,7.3664,899,5637150700,MAWH0007,30,INMA,NORTH
"2017-06-14 00:00:00",78,0.5,37,30.135,55,5637149891,MAWH0004,13,INMA,SOUTH
"2017-06-14 00:00:00",78,0.1,7.97,6.027,58,5637149894,MAWH0004,13,INMA,SOUTH
"2017-06-14 00:00:00",78,0.09,7.623,5.4243,89,5637149923,MAWH0004,36,INMA,SOUTH
"2017-06-14 00:00:00",78,0.4,32.68,24.108,920,5637150719,MAWH0030,24,INMA,SOUTH
"2017-06-14 00:00:00",78,3.5,263.2,210.945,943,5637150739,MAWH0008,71,INMA,SOUTH
"2017-06-14 00:00:00",97,0.02,4.5,3.6326,162,5637149992,MAWH0005,18,INMA,SOUTH
"2017-06-14 00:00:00",97,0.2,50.004,36.326,899,5637150700,MAWH0007,30,INMA,NORTH
"2017-06-14 00:00:00",98,0.025,3.2,3.2533,162,5637149992,MAWH0005,18,INMA,SOUTH
"2017-06-14 00:00:00",102,0.2808,56.7216,41.3141,1077,5637150852,MAWH0001,39,INMA,WEST
"2017-06-14 00:00:00",121,0.1,15.854,12.215,899,5637150700,MAWH0007,30,INMA,NORTH
"2017-06-14 00:00:00",122,0.2,29.4,22.608,943,5637150739,MAWH0008,71,INMA,SOUTH
"2017-06-14 00:00:00",135,0.2,63,31.56,943,5637150739,MAWH0008,71,INMA,SOUTH
"2017-06-14 00:00:00",137,0.1,25,19.5,899,5637150700,MAWH0007,30,INMA,NORTH
"2017-06-14 00:00:00",141,0.2,42.4,31.56,943,5637150739,MAWH0008,71,INMA,SOUTH
"2017-06-14 00:00:00",157,0.1,15.7,12.215,899,5637150700,MAWH0007,30,INMA,NORTH
"2017-06-14 00:00:00",157,0.2,30.4,24.43,943,5637150739,MAWH0008,71,INMA,SOUTH
"2017-06-14 00:00:00",163,0.064,8.384,5.6179,943,5637150739,MAWH0008,71,INMA,SOUTH
"2017-06-14 00:00:00",186,0.025,9.9,8.5848,899,5637150700,MAWH0007,30,INMA,NORTH
"2017-06-14 00:00:00",190,0.06,9.267,7.9824,899,5637150700,MAWH0007,30,INMA,NORTH
"2017-06-14 00:00:00",228,0.04,3.96,2.2548,943,5637150739,MAWH0008,71,INMA,SOUTH
"2017-06-14 00:00:00",254,0.1,13.798,4.608,899,5637150700,MAWH0007,30,INMA,NORTH
"2017-06-14 00:00:00",263,0.4,63.6,38.996,162,5637149992,MAWH0005,18,INMA,SOUTH
"2017-06-14 00:00:00",267,0.04,6.04,3.7424,943,5637150739,MAWH0008,71,INMA,SOUTH
"2017-06-14 00:00:00",297,0.06,10.74,5.0808,899,5637150700,MAWH0007,30,INMA,NORTH
"2017-06-14 00:00:00",297,0.14,21.7,11.8552,943,5637150739,MAWH0008,71,INMA,SOUTH
"2017-06-14 00:00:00",302,0.02,3.7,2.185,899,5637150700,MAWH0007,30,INMA,NORTH
"2017-06-14 00:00:00",303,0.04,7.2,4.0088,899,5637150700,MAWH0007,30,INMA,NORTH
"2017-06-14 00:00:00",303,0.02,3.56,2.0044,943,5637150739,MAWH0008,71,INMA,SOUTH
"2017-06-14 00:00:00",318,0.02,4.488,3.12,899,5637150700,MAWH0007,30,INMA,NORTH
"2017-06-15 00:00:00",13,0.2,48,24.664,173,5637151820,AGWH0002,40,INAG,VISTA
"2017-06-15 00:00:00",78,2,140.4,120.54,1045,5637150562,MAWH0031,35,INMA,WEST
"2017-07-27 00:00:00",98,0.025,2.7625,3.2533,943,5637150739,MAWH0008,71,INMA,SOUTH
"2017-07-27 00:00:00",135,0.24,75.6,37.872,943,5637150739,MAWH0008,71,INMA,SOUTH
"2017-07-27 00:00:00",141,0.35,74.2,55.23,943,5637150739,MAWH0008,71,INMA,SOUTH
"2017-07-27 00:00:00",244,0.012,2.89716,1.6538,262,5637150083,MAWH0006,56,INMA,SOUTH
"2017-07-27 00:00:00",259,3.5,1750,2548.1225,202,5637150027,AGWH0002,12,INAG,VISTA
"2017-07-27 00:00:00",260,0.013,0.13,2.8512,202,5637150027,AGWH0002,12,INAG,VISTA
"2017-07-27 00:00:00",265,0.08,12.32,6.8952,943,5637150739,MAWH0008,71,INMA,SOUTH
"2017-07-27 00:00:00",304,0.06,6.3,3.8904,943,5637150739,MAWH0008,71,INMA,SOUTH
"2017-07-27 00:00:00",348,0.025,15.625,12.2394,943,5637150739,MAWH0008,71,INMA,SOUTH
"2017-07-27 00:00:00",2806,0.1,95,60.1,202,5637150027,AGWH0002,12,INAG,VISTA
"2017-07-28 00:00:00",20,0.2,13,9.334,1127,5637165607,MAWH0002,63,INMA,EAST
"2017-07-28 00:00:00",78,0.5,39.85,30.135,58,5637149894,MAWH0004,13,INMA,SOUTH
"2017-07-28 00:00:00",78,0.12,10.164,7.2324,89,5637149923,MAWH0004,36,INMA,SOUTH
"2017-07-28 00:00:00",97,0.02,3.905,3.6326,299,5637150119,MAWH0006,56,INMA,SOUTH
"2017-07-28 00:00:00",97,0.6,125.334,108.978,1127,5637165607,MAWH0002,63,INMA,EAST
"2017-07-28 00:00:00",98,0.1,11.378,13.013,1127,5637165607,MAWH0002,63,INMA,EAST
"2017-07-28 00:00:00",121,0.04,6.3416,4.886,899,5637164832,MAWH0007,30,INMA,NORTH
"2017-07-28 00:00:00",122,0.06,8.9202,6.7824,899,5637164832,MAWH0007,30,INMA,NORTH
"2017-07-28 00:00:00",122,0.8,118.4,90.432,1127,5637165607,MAWH0002,63,INMA,EAST
"2017-07-28 00:00:00",141,3,657,473.4,1127,5637170082,MAWH0002,63,INMA,EAST
"2017-07-28 00:00:00",157,0.08,12.56,9.772,899,5637164832,MAWH0007,30,INMA,NORTH
"2017-07-28 00:00:00",157,1,148,122.15,1127,5637165607,MAWH0002,63,INMA,EAST
"2017-07-28 00:00:00",167,0.3,29.973,30.537,875,5637150676,MAWH0029,33,INMA,NORTH
"2017-07-28 00:00:00",259,0.275,173.25,200.2096,175,5637149838,AGWH0002,40,INAG,VISTA
"2017-07-28 00:00:00",259,0.4,230,291.214,244,5637151780,AGWH0002,29,INAG,VISTA
"2017-07-28 00:00:00",265,0.4,58,34.476,1127,5637165607,MAWH0002,63,INMA,EAST
"2017-07-28 00:00:00",267,0.02,3.181,1.8712,299,5637150119,MAWH0006,56,INMA,SOUTH
"2017-07-28 00:00:00",287,0.03,2.544,2.0703,899,5637164832,MAWH0007,30,INMA,NORTH
"2017-07-28 00:00:00",287,1.5,120,103.515,1127,5637165607,MAWH0002,63,INMA,EAST
"2017-07-28 00:00:00",2806,0.25,293.75,150.25,175,5637149838,AGWH0002,40,INAG,VISTA
"2017-07-29 00:00:00",20,0.1,6.26,4.667,875,5637150676,MAWH0002,33,INMA,NORTH
"2017-07-29 00:00:00",32,0.02,1.5,1.8416,162,5637149992,MAWH0005,18,INMA,SOUTH
"2017-07-29 00:00:00",78,0.25,18,15.0675,1120,5637160360,MAWH0031,35,INMA,WEST
"2017-07-29 00:00:00",98,0.2,21.5,26.026,139,5637149971,MAWH0002,4,INMA,EAST
"2017-07-29 00:00:00",98,0.8,81.304,104.104,875,5637150676,MAWH0002,33,INMA,NORTH
"2017-07-29 00:00:00",117,0.016,2.54272,1.7808,162,5637149992,MAWH0005,18,INMA,SOUTH
"2017-07-29 00:00:00",118,0.075,10.6005,7.4783,162,5637149992,MAWH0005,18,INMA,SOUTH
"2017-07-29 00:00:00",118,0.15,20.7135,14.9565,875,5637150676,MAWH0002,33,INMA,NORTH
"2017-07-29 00:00:00",122,0.5,74,56.52,133,5637149965,MAWH0002,63,INMA,EAST-BBNM
"2017-07-29 00:00:00",141,0.2,42,31.56,151,5637149983,MAWH0005,18,INMA,SOUTH
"2017-07-29 00:00:00",141,0.2,42,31.56,162,5637149992,MAWH0005,18,INMA,SOUTH
"2017-07-29 00:00:00",155,1.96,245,198.8028,133,5637149965,MAWH0002,63,INMA,EAST-BBNM
"2017-07-29 00:00:00",157,0.26,40.82,31.759,69,5637149904,MAWH0003,40,INMA,SOUTH
"2017-07-29 00:00:00",157,0.2,31.4,24.43,83,5637149917,MAWH0003,40,INMA,SOUTH
"2017-07-29 00:00:00",157,0.1,15.7,12.215,87,5637149921,MAWH0003,40,INMA,SOUTH
"2017-07-29 00:00:00",157,0.1,15.7,12.215,89,5637149923,MAWH0003,36,INMA,SOUTH
"2017-07-29 00:00:00",157,1,148,122.15,139,5637149971,MAWH0002,4,INMA,EAST
"2017-07-29 00:00:00",157,2,314,244.3,875,5637150676,MAWH0002,33,INMA,NORTH
"2017-07-29 00:00:00",157,0.3,47.1,36.645,1020,5637150807,MAWH0031,39,INMA,WEST
"2017-07-29 00:00:00",160,4.5,576,468.585,133,5637149965,MAWH0002,63,INMA,EAST-BBNM
"2017-07-29 00:00:00",162,0.1,12.157,8.247,875,5637150676,MAWH0002,33,INMA,NORTH
"2017-07-29 00:00:00",167,0.02,2.04,2.0358,162,5637149992,MAWH0005,18,INMA,SOUTH
"2017-07-29 00:00:00",254,0.02,2.7596,0.9216,875,5637150676,MAWH0002,33,INMA,NORTH
"2017-07-29 00:00:00",263,0.192,31.68,18.7181,87,5637149921,MAWH0003,40,INMA,SOUTH
"2017-07-29 00:00:00",263,0.032,5.28,3.1197,89,5637149923,MAWH0003,36,INMA,SOUTH
"2017-07-29 00:00:00",263,0.8,127.2,77.992,162,5637149992,MAWH0005,18,INMA,SOUTH
"2017-07-29 00:00:00",263,1.008,160.272,98.2699,920,5637150719,MAWH0031,24,INMA,SOUTH
"2017-07-29 00:00:00",265,0.3,44.4,25.857,139,5637149971,MAWH0002,4,INMA,EAST
"2017-07-29 00:00:00",265,0.3,45.648,25.857,875,5637150676,MAWH0002,33,INMA,NORTH
"2017-07-29 00:00:00",267,0.2,32.222,18.712,875,5637150676,MAWH0002,33,INMA,NORTH
"2017-07-29 00:00:00",287,0.225,19.08,15.5273,875,5637150676,MAWH0002,33,INMA,NORTH
"2017-07-29 00:00:00",293,0.2,24,17.918,139,5637149971,MAWH0002,4,INMA,EAST
"2017-07-29 00:00:00",297,0.1,15.5,8.468,162,5637149992,MAWH0005,18,INMA,SOUTH
"2017-07-29 00:00:00",297,0.04,7.16,3.3872,875,5637150676,MAWH0002,33,INMA,NORTH
"2017-07-29 00:00:00",300,0.7,119,76.377,133,5637149965,MAWH0002,63,INMA,EAST-BBNM
"2017-07-29 00:00:00",303,0.1,18,10.022,875,5637150676,MAWH0002,33,INMA,NORTH
"2017-07-29 00:00:00",304,0.1,10.5,6.484,162,5637149992,MAWH0005,18,INMA,SOUTH
"2017-07-29 00:00:00",337,0.09,14.4477,12.8898,875,5637150676,MAWH0002,33,INMA,NORTH
"2017-07-29 00:00:00",3125,0.04,1.8224,1.6732,139,5637149971,MAWH0002,4,INMA,EAST
"2017-07-29 00:00:00",3125,0.1,5.056,4.183,300,5637151549,MAWH0002,56,INMA,SOUTH
"2017-07-30 00:00:00",98,0.625,69.0625,81.3313,920,5637150719,MAWH0008,24,INMA,SOUTH
"2017-07-30 00:00:00",122,0.08,11.76,9.0432,943,5637150739,MAWH0008,71,INMA,SOUTH
"2017-07-30 00:00:00",141,0.05,10.6,7.89,943,5637150739,MAWH0008,71,INMA,SOUTH
"2017-07-30 00:00:00",157,1,148,122.15,139,5637149971,MAWH0002,4,INMA,EAST
"2017-07-30 00:00:00",157,1,157,122.15,875,5637150676,MAWH0002,33,INMA,NORTH
"2017-07-30 00:00:00",157,0.1,15.2,12.215,943,5637150739,MAWH0008,71,INMA,SOUTH
"2017-07-30 00:00:00",157,0.5,78.5,61.075,1000,5637150791,MAWH0002,68,INMA,WEST
"2017-07-30 00:00:00",254,0.3,40.5,13.824,1027,5637150812,MAWH0001,39,INMA,WEST
"2017-07-30 00:00:00",263,2.64,419.76,257.3736,920,5637150719,MAWH0008,24,INMA,SOUTH
"2017-07-30 00:00:00",263,0.032,5.28,3.1197,943,5637150739,MAWH0008,71,INMA,SOUTH
"2017-07-30 00:00:00",297,0.1,15.5,8.468,943,5637150739,MAWH0008,71,INMA,SOUTH
"2017-07-31 00:00:00",96,0.4,118.8,53.403,173,5637151820,AGWH0002,40,INAG,VISTA
"2017-07-31 00:00:00",104,0.4,108,83.324,173,5637151820,AGWH0002,40,INAG,VISTA
"2017-07-31 00:00:00",202,0.2,36,30.8843,173,5637151820,AGWH0002,40,INAG,VISTA
"2017-07-31 00:00:00",259,1,500,728.035,202,5637150027,AGWH0002,12,INAG,VISTA
"2017-07-31 00:00:00",261,0.2,85,62.9376,173,5637151820,AGWH0002,40,INAG,VISTA
"2017-07-31 00:00:00",261,0.1,48,31.4688,179,5637151861,AGWH0002,28,INAG,VISTA
"2017-07-31 00:00:00",2806,0.125,129.375,75.125,173,5637151820,AGWH0002,40,INAG,VISTA
"2017-08-01 00:00:00",9,-2,-140,-3350,242,5637148386,AGWH0002,40,INAG,VISTA
"2017-08-01 00:00:00",188,1,360,165.78,202,5637150027,AGWH0002,12,INAG,VISTA
"2017-08-02 00:00:00",20,1.2,75.12,56.004,897,5637150698,MAWH0007,30,INMA,NORTH
"2017-08-02 00:00:00",78,0.5,37,30.135,55,5637149891,MAWH0004,13,INMA,SOUTH
"2017-08-02 00:00:00",78,0.35,27.895,21.0945,58,5637149894,MAWH0004,13,INMA,SOUTH
"2017-08-02 00:00:00",78,0.09,7.623,5.4243,89,5637149923,MAWH0004,36,INMA,SOUTH
"2017-08-02 00:00:00",78,0.15,12.03,9.0405,920,5637150719,MAWH0008,24,INMA,SOUTH
"2017-08-02 00:00:00",78,0.4,31.6,24.108,1030,5637151737,MAWH0031,68,INMA,WEST
"2017-08-02 00:00:00",101,0.5,212.5,220,933,5637150730,MAWH0008,71,INMA,SOUTH
"2017-08-02 00:00:00",118,0.015,2.1201,1.4957,943,5637150739,MAWH0008,71,INMA,SOUTH
"2017-08-02 00:00:00",122,0.2,29.4,22.608,300,5637151549,MAWH0006,56,INMA,SOUTH
"2017-08-02 00:00:00",122,0.1,14.7,11.304,943,5637150739,MAWH0008,71,INMA,SOUTH
"2017-08-02 00:00:00",135,0.06,18.9,9.468,943,5637150739,MAWH0008,71,INMA,SOUTH
"2017-08-02 00:00:00",137,0.25,61.25,48.75,300,5637151549,MAWH0006,56,INMA,SOUTH
"2017-08-02 00:00:00",141,3,615,473.4,920,5637150719,MAWH0008,24,INMA,SOUTH
"2017-08-02 00:00:00",141,0.15,31.8,23.67,943,5637150739,MAWH0008,71,INMA,SOUTH
"2017-08-02 00:00:00",157,0.3,45.6,36.645,943,5637150739,MAWH0008,71,INMA,SOUTH
"2017-08-02 00:00:00",177,0.8,216,200,279,5637150099,MAWH0006,56,INMA,SOUTH
"2017-08-02 00:00:00",177,0.5,132.5,125,300,5637151549,MAWH0006,56,INMA,SOUTH
"2017-08-02 00:00:00",263,0.24,42.972,23.3976,300,5637151549,MAWH0006,56,INMA,SOUTH
"2017-08-02 00:00:00",263,0.064,10.56,6.2394,943,5637150739,MAWH0008,71,INMA,SOUTH
"2017-08-02 00:00:00",287,0.105,8.904,7.2461,897,5637150698,MAWH0007,30,INMA,NORTH
"2017-08-02 00:00:00",297,0.2,35.8,16.936,897,5637150698,MAWH0007,30,INMA,NORTH
"2017-08-02 00:00:00",297,0.06,9.3,5.0808,943,5637150739,MAWH0008,71,INMA,SOUTH
"2017-08-02 00:00:00",302,0.06,11.16,6.555,1020,5637150807,MAWH0001,39,INMA,WEST
"2017-08-02 00:00:00",303,0.04,7.12,4.0088,943,5637150739,MAWH0008,71,INMA,SOUTH
"2017-08-03 00:00:00",19,0.3,19.8,12.213,1030,5637151737,MAWH0002,68,INMA,WEST
"2017-08-03 00:00:00",22,0.5,26.5,22.66,1083,5637150858,MAWH0002,35,INMA,WEST
"2017-08-03 00:00:00",78,0.4,32.68,24.108,920,5637150719,MAWH0030,24,INMA,SOUTH
"2017-08-03 00:00:00",78,5,376,301.35,943,5637150739,MAWH0030,71,INMA,SOUTH
"2017-08-03 00:00:00",97,0.8,176.216,145.304,875,5637150676,MAWH0002,33,INMA,NORTH
"2017-08-03 00:00:00",98,0.025,2.7625,3.2533,162,5637149992,MAWH0005,18,INMA,SOUTH
"2017-08-03 00:00:00",101,1,425,440,933,5637150730,MAWH0008,71,INMA,SOUTH
"2017-08-03 00:00:00",118,0.15,21.201,14.9565,162,5637149992,MAWH0005,18,INMA,SOUTH
"2017-08-03 00:00:00",118,0.075,10.35675,7.4783,875,5637150676,MAWH0002,33,INMA,NORTH
"2017-08-03 00:00:00",121,0.08,12.64,9.772,162,5637149992,MAWH0005,18,INMA,SOUTH
"2017-08-03 00:00:00",121,0.04,6.3416,4.886,875,5637150676,MAWH0002,33,INMA,NORTH
"2017-08-03 00:00:00",122,0.1,14.867,11.304,875,5637150676,MAWH0002,33,INMA,NORTH
"2017-08-03 00:00:00",122,0.1,14.867,11.304,912,5637150712,MAWH0002,33,INMA,NORTH
"2017-08-03 00:00:00",137,0.1,25,19.5,912,5637150712,MAWH0002,33,INMA,NORTH
"2017-08-03 00:00:00",157,1.64,257.48,200.326,875,5637150676,MAWH0002,33,INMA,NORTH
"2017-08-03 00:00:00",157,0.32,50.24,39.088,912,5637150712,MAWH0002,33,INMA,NORTH
"2017-08-03 00:00:00",157,1,157,122.15,1000,5637150791,MAWH0002,68,INMA,WEST
"2017-08-03 00:00:00",177,0.16,42.4,40,162,5637149992,MAWH0005,18,INMA,SOUTH
"2017-08-03 00:00:00",190,1,165,133.04,874,5637150675,MAWH0007,70,INMA,NORTH
"2017-08-03 00:00:00",259,0.2,115,145.607,234,5637151837,AGWH0002,40,INAG,VISTA
"2017-08-03 00:00:00",263,0.24,38.16,23.3976,151,5637149983,MAWH0005,18,INMA,SOUTH
"2017-08-03 00:00:00",263,0.24,39.8616,23.3976,875,5637150676,MAWH0002,33,INMA,NORTH
"2017-08-03 00:00:00",265,0.5,76.08,43.095,875,5637150676,MAWH0002,33,INMA,NORTH
"2017-08-03 00:00:00",283,0.5,101.25,115.455,1000,5637150791,MAWH0002,68,INMA,WEST
"2017-08-03 00:00:00",287,0.15,12.72,10.3515,875,5637150676,MAWH0002,33,INMA,NORTH
"2017-08-03 00:00:00",303,0.1,19,10.022,1030,5637151737,MAWH0002,68,INMA,WEST
"2017-08-03 00:00:00",3102,0.025,6.025,3.375,162,5637149992,MAWH0005,18,INMA,SOUTH
"2017-08-04 00:00:00",32,0.02,1.66,1.8416,943,5637150739,MAWH0008,71,INMA,SOUTH
"2017-08-04 00:00:00",78,0.4,31.88,24.108,58,5637149894,MAWH0004,13,INMA,SOUTH
"2017-08-04 00:00:00",78,0.12,10.164,7.2324,89,5637149923,MAWH0004,36,INMA,SOUTH
"2017-08-04 00:00:00",78,1,77.7,60.27,262,5637150083,MAWH0006,56,INMA,SOUTH
"2017-08-04 00:00:00",78,0.46,33.902,27.7242,943,5637150739,MAWH0008,71,INMA,SOUTH
"2017-08-04 00:00:00",97,-0.8,-176.216,-145.304,875,5637148399,MAWH0002,33,INMA,NORTH
"2017-08-04 00:00:00",118,-0.075,-10.35675,-7.4783,875,5637148399,MAWH0002,33,INMA,NORTH
"2017-08-04 00:00:00",118,0.075,10.35675,7.4783,875,5637150676,MAWH0002,33,INMA,NORTH
"2017-08-04 00:00:00",121,-0.04,-6.3416,-4.886,875,5637148399,MAWH0002,33,INMA,NORTH
"2017-08-04 00:00:00",121,0.04,6.3416,4.886,875,5637150676,MAWH0002,33,INMA,NORTH
"2017-08-04 00:00:00",122,0.06,8.82,6.7824,262,5637150083,MAWH0006,56,INMA,SOUTH
"2017-08-04 00:00:00",122,-0.1,-14.867,-11.304,875,5637148399,MAWH0002,33,INMA,NORTH
"2017-08-04 00:00:00",122,0.1,14.867,11.304,875,5637150676,MAWH0002,33,INMA,NORTH
"2017-08-04 00:00:00",133,0.5,115,12000,197,5637151768,AGWH0001,12,INAG,VISTA
"2017-08-04 00:00:00",135,0.1,31.5,15.78,943,5637150739,MAWH0008,71,INMA,SOUTH
"2017-08-04 00:00:00",137,0.15,37.5,29.25,266,5637150087,MAWH0006,56,INMA,SOUTH
"2017-08-04 00:00:00",141,4,820,631.2,920,5637150719,MAWH0008,24,INMA,SOUTH
"2017-08-04 00:00:00",141,0.2,42.4,31.56,943,5637150739,MAWH0008,71,INMA,SOUTH
"2017-08-04 00:00:00",157,0.12,18.84,14.658,262,5637150083,MAWH0006,56,INMA,SOUTH
"2017-08-04 00:00:00",157,-1.64,-257.48,-200.326,875,5637148399,MAWH0002,33,INMA,NORTH
"2017-08-04 00:00:00",157,1.64,257.48,200.326,875,5637150676,MAWH0002,33,INMA,NORTH
"2017-08-04 00:00:00",157,0.3,45.6,36.645,943,5637150739,MAWH0008,71,INMA,SOUTH
"2017-12-06 00:00:00",263,0.08,14.324,7.7992,299,5637150119,MAWH0006,56,INMA,SOUTH
"2017-12-06 00:00:00",263,3.6,572.4,350.964,920,5637150719,MAWH0008,24,INMA,SOUTH
"2017-12-06 00:00:00",267,0.14,22.267,13.0984,266,5637150087,MAWH0006,56,INMA,SOUTH
"2017-12-06 00:00:00",334,0.025,2.9735,3.0855,299,5637150119,MAWH0006,56,INMA,SOUTH
"2017-12-06 00:00:00",3200,0.2,240,0,179,5637151861,AGWH0002,28,INAG,VISTA
"2017-12-07 00:00:00",11,0.09,18.9,14.202,177,5637150006,AGWH0001,12,INMA,VISTA
"2017-12-07 00:00:00",32,0.02,1.5,1.8416,162,5637149992,MAWH0005,18,INMA,SOUTH
"2017-12-07 00:00:00",42,0.6,644.4,447.096,965,5637150759,MAWH0029,40,INMA,SOUTH
"2017-12-07 00:00:00",78,0.1,8.02,6.027,920,5637150719,MAWH0008,24,INMA,SOUTH
"2017-12-07 00:00:00",78,0.55,43.45,33.1485,1030,5637176082,MAWH0031,68,INMA,WEST
"2017-12-07 00:00:00",97,0.04,7.81,7.2652,162,5637149992,MAWH0005,18,INMA,SOUTH
"2017-12-07 00:00:00",97,0.08,17.6216,14.5304,912,5637150712,MAWH0007,33,INMA,NORTH
"2017-12-07 00:00:00",98,0.05,5.525,6.5065,162,5637149992,MAWH0005,18,INMA,SOUTH
"2017-12-07 00:00:00",121,0.02,3.16,2.443,162,5637149992,MAWH0005,18,INMA,SOUTH
"2017-12-07 00:00:00",121,0.04,6.3416,4.886,912,5637150712,MAWH0007,33,INMA,NORTH
"2017-12-07 00:00:00",122,0.1,14.867,11.304,912,5637150712,MAWH0007,33,INMA,NORTH
"2017-12-07 00:00:00",141,0.45,94.5,71.01,162,5637149992,MAWH0005,18,INMA,SOUTH
"2017-12-07 00:00:00",141,0.3,69,47.34,912,5637150712,MAWH0007,33,INMA,NORTH
"2017-12-07 00:00:00",141,0.06,13.2,9.468,1174,5637181341,MAWH0003,46,INMA,SOUTH
"2017-12-07 00:00:00",157,0.06,9.72,7.329,162,5637149992,MAWH0005,18,INMA,SOUTH
"2017-12-07 00:00:00",157,0.5,82.5,61.075,912,5637150712,MAWH0007,33,INMA,NORTH
"2017-12-07 00:00:00",157,0.2,33,24.43,1174,5637181341,MAWH0003,46,INMA,SOUTH
"2017-12-07 00:00:00",167,0.4,39.964,40.716,912,5637150712,MAWH0007,33,INMA,NORTH
"2017-12-07 00:00:00",177,0.15,39.75,37.5,162,5637149992,MAWH0005,18,INMA,SOUTH
"2017-12-07 00:00:00",201,1.41,296.1,222.498,177,5637150006,AGWH0001,12,INAG,VISTA
"2017-12-07 00:00:00",250,2,1272,738,1093,5637150585,MAWH0002,68,INMA,WEST
"2017-12-07 00:00:00",250,1,636,369,1094,5637150866,MAWH0002,35,INMA,WEST
"2017-12-07 00:00:00",304,0.06,6.3,3.8904,162,5637149992,MAWH0005,18,INMA,SOUTH
"2017-12-07 00:00:00",304,0.28,30.8,18.1552,912,5637150712,MAWH0007,33,INMA,NORTH
"2017-12-07 00:00:00",316,0.04,4.0524,3.8508,162,5637149992,MAWH0005,18,INMA,SOUTH
"2017-12-07 00:00:00",325,0.5,64,41.75,1000,5637150791,MAWH0002,58,INMA,WEST
"2017-12-07 00:00:00",3197,0.3,154.5,125.5663,196,5637151826,AGWH0002,40,INAG,VISTA
"2017-12-08 00:00:00",13,1.6,328,197.312,242,5637150064,AGWH0002,40,INAG,VISTA
"2017-12-08 00:00:00",32,0.04,3.4284,3.6832,875,5637150676,MAWH0007,33,INMA,NORTH
"2017-12-08 00:00:00",78,0.3,23.91,18.081,58,5637149894,MAWH0004,13,INMA,SOUTH
"2017-12-08 00:00:00",78,0.06,5.082,3.6162,89,5637149923,MAWH0004,36,INMA,SOUTH
"2017-12-08 00:00:00",78,4.8,353.76,289.296,943,5637150739,MAWH0008,71,INMA,SOUTH
"2017-12-08 00:00:00",79,0.02,2.5326,2.9526,943,5637150739,MAWH0008,71,INMA,SOUTH
"2017-12-08 00:00:00",96,0.5,125,66.7538,234,5637151837,AGWH0002,40,INAG,VISTA
"2017-12-08 00:00:00",97,0.02,3.905,3.6326,162,5637149992,MAWH0005,18,INMA,SOUTH
"2017-12-08 00:00:00",98,0.075,8.2875,9.7598,162,5637149992,MAWH0005,18,INMA,SOUTH
"2017-12-08 00:00:00",98,1.01,102.6463,131.4313,875,5637150676,MAWH0002,33,INMA,NORTH
"2017-12-08 00:00:00",99,0.1,13.709,15.779,875,5637150676,MAWH0007,33,INMA,NORTH
"2017-12-08 00:00:00",118,0.075,10.6005,7.4783,943,5637150739,MAWH0008,71,INMA,SOUTH
"2017-12-08 00:00:00",121,0.04,6.32,4.886,162,5637149992,MAWH0005,18,INMA,SOUTH
"2017-12-08 00:00:00",122,0.02,2.94,2.2608,162,5637149992,MAWH0005,18,INMA,SOUTH
"2017-12-08 00:00:00",122,0.06,8.9202,6.7824,875,5637150676,MAWH0007,33,INMA,NORTH
"2017-12-08 00:00:00",122,0.3,44.1,33.912,943,5637150739,MAWH0008,71,INMA,SOUTH
"2017-12-08 00:00:00",141,0.25,53,39.45,943,5637150739,MAWH0008,71,INMA,SOUTH
"2017-12-08 00:00:00",157,0.04,6.48,4.886,162,5637149992,MAWH0005,18,INMA,SOUTH
"2017-12-08 00:00:00",157,0.9,148.5,109.935,875,5637150676,MAWH0007,33,INMA,NORTH
"2017-12-08 00:00:00",157,0.3,48.9,36.645,943,5637150739,MAWH0008,71,INMA,SOUTH
"2017-12-08 00:00:00",163,0.08,10.48,7.0224,943,5637150739,MAWH0008,71,INMA,SOUTH
"2017-12-08 00:00:00",167,0.16,16.6848,16.2864,26,5637149862,MAWH0003,40,INMA,SOUTH
"2017-12-08 00:00:00",177,0.5,135,125,279,5637150099,MAWH0006,56,INMA,SOUTH
"2017-12-08 00:00:00",228,0.06,5.94,3.3822,943,5637150739,MAWH0008,71,INMA,SOUTH
"2017-12-08 00:00:00",263,0.032,5.31488,3.1197,875,5637150676,MAWH0007,33,INMA,NORTH
"2017-12-08 00:00:00",297,0.08,13.6,6.7744,1043,5637151741,MAWH0002,35,INMA,WEST
"2017-12-08 00:00:00",305,0.06,7.2,4.68,943,5637150739,MAWH0008,71,INMA,SOUTH
"2017-12-08 00:00:00",316,0.1,10.131,9.627,162,5637149992,MAWH0005,18,INMA,SOUTH
"2017-12-08 00:00:00",316,0.1,9.731,9.627,943,5637150739,MAWH0008,71,INMA,SOUTH
"2017-12-08 00:00:00",337,0.015,2.40795,2.1483,875,5637150676,MAWH0007,33,INMA,NORTH
"2017-12-08 00:00:00",348,0.2,125,97.915,943,5637150739,MAWH0008,71,INMA,SOUTH
"2017-12-08 00:00:00",3112,0.04,54,0,14,5637151810,AGWH0002,48,INAG,VISTA
"2017-12-08 00:00:00",3125,0.06,2.8536,2.5098,943,5637150739,MAWH0008,71,INMA,SOUTH
"2017-12-08 00:00:00",3201,6.5,455,637,242,5637150064,AGWH0004,40,INAG,VISTA
"2017-12-09 00:00:00",78,0.7,51.8,42.189,55,5637149891,MAWH0003,13,INMA,SOUTH
"2017-12-09 00:00:00",78,0.6,43.2,36.162,1120,5637164078,MAWH0031,35,INMA,WEST
"2017-12-09 00:00:00",102,0.54,109.08,79.4502,34,5637156596,MAWH0003,13,INMA,SOUTH
"2017-12-09 00:00:00",237,0.048,9.56208,5.5742,34,5637156596,MAWH0003,13,INMA,SOUTH
"2017-12-11 00:00:00",11,0.3,66,47.34,206,5637151828,AGWH0002,28,INMA,VISTA
"2017-12-11 00:00:00",20,0.5,31.3,23.335,1177,5637181354,MAWH0007,30,INMA,NORTH
"2017-12-11 00:00:00",26,0.048,3.936,2.7019,994,5637150786,MAWH0029,40,INMA,SOUTH
"2017-12-11 00:00:00",78,0.2,15.94,12.054,58,5637149894,MAWH0004,13,INMA,SOUTH
"2017-12-11 00:00:00",78,0.06,5.082,3.6162,89,5637149923,MAWH0004,36,INMA,SOUTH
"2017-12-11 00:00:00",96,0.2,59.4,26.7015,173,5637151820,AGWH0002,40,INAG,VISTA
"2017-12-11 00:00:00",97,0.04,7.81,7.2652,162,5637149992,MAWH0005,18,INMA,SOUTH
"2017-12-11 00:00:00",98,0.075,8.2875,9.7598,162,5637149992,MAWH0005,18,INMA,SOUTH
"2017-12-11 00:00:00",101,0.5,225,220,22,5637149858,MAWH0002,36,INMA,SOUTH
"2017-12-11 00:00:00",118,0.075,10.6005,7.4783,162,5637149992,MAWH0005,18,INMA,SOUTH
"2017-12-11 00:00:00",135,0.5,180,78.9,22,5637149858,MAWH0031,36,INMA,SOUTH
"2017-12-11 00:00:00",141,0.2,42,31.56,162,5637149992,MAWH0005,18,INMA,SOUTH
"2017-12-11 00:00:00",149,0.048,3.936,4.0771,994,5637150786,MAWH0029,40,INMA,SOUTH
"2017-12-11 00:00:00",169,0.04,17.2,8.1088,994,5637150786,MAWH0029,40,INMA,SOUTH
"2017-12-11 00:00:00",171,0.06,13.2,11.3118,963,5637150758,MAWH0029,40,INMA,SOUTH
"2017-12-11 00:00:00",261,0.15,63.75,47.2032,173,5637151820,AGWH0002,40,INAG,VISTA
"2017-12-11 00:00:00",265,0.02,3.08,1.7238,162,5637149992,MAWH0005,18,INMA,SOUTH
"2017-12-11 00:00:00",270,0.048,9.072,6.4589,994,5637150786,MAWH0029,40,INMA,SOUTH
"2017-12-11 00:00:00",287,0.03,2.544,2.0703,1177,5637181354,MAWH0007,30,INMA,NORTH
"2017-12-11 00:00:00",297,0.16,24.8,13.5488,943,5637150739,MAWH0008,71,INMA,SOUTH
"2017-12-11 00:00:00",304,0.04,4.4,2.5936,1177,5637181354,MAWH0007,30,INMA,NORTH
"2017-12-11 00:00:00",2806,0.125,129.375,75.125,173,5637151820,AGWH0002,40,INAG,VISTA
"2017-12-11 00:00:00",3197,9,4050,3766.9886,182,5637150010,AGWH0002,40,INAG,VISTA
"2017-12-11 00:00:00",3197,0.2,115,83.7109,246,5637150067,AGWH0002,28,INAG,VISTA
"2017-12-11 00:00:00",3200,9,7425,0,182,5637150010,AGWH0002,40,INAG,VISTA
"2017-12-11 00:00:00",3201,0.2,16,19.6,173,5637151820,AGWH0002,40,INAG,VISTA
"2017-12-11 00:00:00",3206,0.6,66,0,246,5637150067,AGWH0002,28,INAG,VISTA
"2017-10-28 00:00:00",167,0.16,16.6848,16.2864,26,5637149862,MAWH0003,40,INMA,SOUTH
"2017-10-28 00:00:00",263,0.224,35.616,21.8378,162,5637149992,MAWH0005,18,INMA,SOUTH
"2017-10-28 00:00:00",287,0.45,38.16,31.0545,912,5637150712,MAWH0002,33,INMA,NORTH
"2017-10-28 00:00:00",304,0.36,39.6,23.3424,912,5637150712,MAWH0002,33,INMA,NORTH
"2017-10-28 00:00:00",346,0.4,188.8,153.392,1159,5637176924,MAWH0003,13,INMA,SOUTH
"2017-10-28 00:00:00",3125,-0.1,-5.056,-4.183,300,5637148399,MAWH0002,56,INMA,SOUTH
"2017-10-29 00:00:00",20,0.4,25.04,18.668,897,5637176884,MAWH0007,30,INMA,NORTH
"2017-10-30 00:00:00",19,0.36,23.76,14.6556,1030,5637176082,MAWH0002,68,INMA,WEST
"2017-10-30 00:00:00",78,0.5,37,30.135,55,5637149891,MAWH0004,13,INMA,SOUTH
"2017-10-30 00:00:00",78,0.2,15.94,12.054,58,5637149894,MAWH0003,13,INMA,SOUTH
"2017-10-30 00:00:00",78,0.06,5.082,3.6162,89,5637149923,MAWH0004,36,INMA,SOUTH
"2017-10-30 00:00:00",78,0.23,18.446,13.8621,920,5637150719,MAWH0008,24,INMA,SOUTH
"2017-10-30 00:00:00",78,8.64,636.768,520.7328,943,5637150739,MAWH0008,71,INMA,SOUTH
"2017-10-30 00:00:00",141,0.1,21,15.78,151,5637149983,MAWH0005,18,INMA,SOUTH
"2017-10-30 00:00:00",141,0.2,46,31.56,848,5637151698,MAWH0007,70,INMA,NORTH
"2017-10-30 00:00:00",141,2.5,512.5,394.5,920,5637150719,MAWH0008,24,INMA,SOUTH
"2017-10-30 00:00:00",177,0.2,54,50,279,5637150099,MAWH0006,56,INMA,SOUTH
"2017-10-30 00:00:00",214,0.594,115.83,139.4296,986,5637150779,MAWH0029,40,INMA,SOUTH
"2017-10-30 00:00:00",263,0.24,38.16,23.3976,151,5637149983,MAWH0005,18,INMA,SOUTH
"2017-10-30 00:00:00",263,0.48,76.32,46.7952,162,5637149992,MAWH0005,18,INMA,SOUTH
"2017-10-30 00:00:00",3125,0.3,14.268,12.549,920,5637150719,MAWH0008,24,INMA,SOUTH
"2017-10-30 00:00:00",3178,0.05,15,10.45,994,5637150786,MAWH0029,40,INMA,SOUTH
"2017-10-31 00:00:00",9,0.5,35,837.5,242,5637150064,AGWH0002,40,INAG,VISTA
"2017-10-31 00:00:00",13,0.5,102.5,61.66,242,5637150064,AGWH0002,40,INAG,VISTA
"2017-10-31 00:00:00",20,0.1,6.26,4.667,875,5637150676,MAWH0007,33,INMA,NORTH
"2017-10-31 00:00:00",32,0.2,17.142,18.416,875,5637150676,MAWH0007,33,INMA,NORTH
"2017-10-31 00:00:00",78,2,136.46,120.54,1045,5637150562,MAWH0031,35,INMA,WEST
"2017-10-31 00:00:00",97,0.6,132.162,108.978,875,5637150676,MAWH0007,33,INMA,NORTH
"2017-10-31 00:00:00",97,0.02,4.4054,3.6326,912,5637150712,MAWH0007,33,INMA,NORTH
"2017-10-31 00:00:00",101,1.5,637.5,660,933,5637150730,MAWH0008,71,INMA,SOUTH
"2017-10-31 00:00:00",101,0.4,204,176,1115,5637159601,MAWH0002,40,INMA,WEST
"2017-10-31 00:00:00",118,0.21,28.9989,20.9391,875,5637150676,MAWH0007,33,INMA,NORTH
"2017-10-31 00:00:00",121,0.04,6.3416,4.886,875,5637150676,MAWH0007,33,INMA,NORTH
"2017-10-31 00:00:00",122,0.4,59.468,45.216,875,5637150676,MAWH0007,33,INMA,NORTH
"2017-10-31 00:00:00",135,0.5,180,78.9,22,5637149858,MAWH0031,36,INMA,SOUTH
"2017-10-31 00:00:00",157,0.62,97.34,75.733,875,5637150676,MAWH0007,33,INMA,NORTH
"2017-10-31 00:00:00",157,1.3,191.1,158.795,875,5637150676,MAWH0031,33,INMA,NORTH
"2017-10-31 00:00:00",157,0.7,109.9,85.505,912,5637150712,MAWH0007,33,INMA,NORTH
"2017-10-31 00:00:00",159,0.14,21.14,16.45,875,5637150676,MAWH0007,33,INMA,NORTH
"2017-10-31 00:00:00",171,0.036,7.92,6.7871,89,5637149923,MAWH0029,36,INMA,SOUTH
"2017-10-31 00:00:00",188,0.1,27.53,16.578,242,5637150064,AGWH0002,40,INAG,VISTA
"2017-10-31 00:00:00",250,1,636,369,1093,5637150585,MAWH0002,68,INMA,WEST
"2017-10-31 00:00:00",254,0.04,5.5192,1.8432,875,5637150676,MAWH0007,33,INMA,NORTH
"2017-08-29 00:00:00",121,0.06,9.36,7.329,1045,5637150562,MAWH0002,35,INMA,WEST
"2017-08-29 00:00:00",122,0.04,5.88,4.5216,266,5637150087,MAWH0006,56,INMA,SOUTH
"2017-08-29 00:00:00",122,0.4,58.8,45.216,300,5637151549,MAWH0006,56,INMA,SOUTH
"2017-08-29 00:00:00",122,0.24,35.28,27.1296,943,5637150739,MAWH0008,71,INMA,SOUTH
"2017-08-29 00:00:00",130,0.075,18.888,19.062,53,5637149889,MAWH0003,13,INMA,SOUTH
"2017-07-25 00:00:00",334,0.5,59.69,61.71,134,5637151758,MAWH0002,63,INMA,EAST-BBNM
"2017-07-25 00:00:00",336,0.05,6.41,8.4525,942,5637150738,MAWH0008,24,INMA,SOUTH
"2017-07-25 00:00:00",1078,0.25,54.75,34.255,834,5637151694,MAWH0011,44,INMA,SOUTH
"2017-07-25 00:00:00",3125,0.5,22.78,20.915,134,5637151758,MAWH0002,63,INMA,EAST-BBNM
"2017-07-26 00:00:00",32,-0.5,-42.5,-46.04,134,5637151758,MAWH0002,63,INMA,EAST-BBNM
"2017-07-26 00:00:00",78,5.66,392.238,341.1282,114,5637164076,MAWH0030,63,INMA,EAST
"2017-07-26 00:00:00",78,2,129.82,120.54,1078,5637151745,MAWH0031,68,INMA,WEST
"2017-07-26 00:00:00",94,0.1,47.5,36.692,209,5637151772,AGWH0001,12,INAG,VISTA
"2017-07-26 00:00:00",96,0.1,19,13.3508,226,5637150049,AGWH0001,12,INAG,VISTA
"2017-07-26 00:00:00",99,0.01,1.3709,1.5779,904,5637151714,MAWH0007,17,INMA,NORTH
"2017-07-26 00:00:00",104,0.025,5.675,5.2078,226,5637150049,AGWH0001,12,INAG,VISTA
"2017-07-26 00:00:00",122,0.5,71.08,56.52,1039,5637150558,MAWH0002,68,INMA,WEST
"2017-07-26 00:00:00",133,0.5,95,12000,209,5637151772,AGWH0001,12,INAG,VISTA
"2017-07-26 00:00:00",157,-0.5,-75,-61.075,134,5637151758,MAWH0002,63,INMA,EAST-BBNM
"2017-07-26 00:00:00",157,1.5,220.5,183.225,902,5637150703,MAWH0007,11,INMA,NORTH
"2017-07-26 00:00:00",160,-2,-256,-208.26,134,5637151758,MAWH0002,63,INMA,EAST-BBNM
"2017-07-26 00:00:00",165,0.08,9.2664,6.588,902,5637150703,MAWH0007,11,INMA,NORTH
"2017-07-26 00:00:00",190,-0.3,-41.4,-39.912,134,5637151758,MAWH0002,63,INMA,EAST-BBNM
"2017-07-26 00:00:00",202,0.5,92.5,77.2108,226,5637150049,AGWH0001,12,INAG,VISTA
"2017-07-26 00:00:00",237,0.036,7.17156,4.1807,298,5637150118,MAWH0006,13,INMA,SOUTH
"2017-07-26 00:00:00",259,0.4,220,291.214,209,5637151772,AGWH0001,12,INAG,VISTA
"2017-07-26 00:00:00",263,0.048,8.208,4.6795,1051,5637150830,MAWH0002,68,INMA,WEST
"2017-07-26 00:00:00",265,-0.5,-76.5,-43.095,134,5637151758,MAWH0002,63,INMA,EAST-BBNM
"2017-07-26 00:00:00",267,-1,-160,-93.56,134,5637151758,MAWH0002,63,INMA,EAST-BBNM
"2017-07-26 00:00:00",267,0.02,3.13,1.8712,1039,5637150558,MAWH0002,68,INMA,WEST
"2017-07-26 00:00:00",302,0.1,18.5,10.925,1051,5637150830,MAWH0002,68,INMA,WEST
"2017-07-26 00:00:00",303,-1.5,-258,-150.33,134,5637151758,MAWH0002,63,INMA,EAST-BBNM
"2017-08-22 00:00:00",177,0.3,75.33,75,902,5637150703,MAWH0002,11,INMA,NORTH
"2017-08-22 00:00:00",184,0.54,48.6,36.2232,114,5637164076,MAWH0029,63,INMA,EAST
"2017-08-22 00:00:00",186,0.4,83.752,137.356,114,5637164076,MAWH0002,63,INMA,EAST
"2017-08-22 00:00:00",190,0.04,5.516,5.3216,114,5637164076,MAWH0002,63,INMA,EAST
"2017-08-22 00:00:00",254,0.16,20.632,7.3728,902,5637150703,MAWH0002,11,INMA,NORTH
"2017-08-22 00:00:00",263,0.16,26.4,15.5984,92,5637149926,MAWH0003,40,INMA,SOUTH
"2017-08-22 00:00:00",263,0.08,12.4176,7.7992,902,5637150703,MAWH0002,11,INMA,NORTH
"2017-08-22 00:00:00",265,1.3,189.41,112.047,114,5637164076,MAWH0002,63,INMA,EAST
"2017-08-22 00:00:00",267,0.02,3.18,1.8712,78,5637149912,MAWH0003,40,INMA,SOUTH
"2017-08-22 00:00:00",287,0.6,47.892,41.406,114,5637164076,MAWH0002,63,INMA,EAST
"2017-08-22 00:00:00",287,0.9,72,62.109,902,5637150703,MAWH0002,11,INMA,NORTH
"2017-08-22 00:00:00",293,0.5,60.96,44.795,114,5637164076,MAWH0002,63,INMA,EAST
"2017-08-22 00:00:00",297,0.1,15.24,8.468,114,5637164076,MAWH0002,63,INMA,EAST
"2017-08-22 00:00:00",303,0.2,32.984,20.044,902,5637150703,MAWH0002,11,INMA,NORTH
"2017-08-22 00:00:00",322,0.1,10.664,12.519,902,5637150703,MAWH0029,11,INMA,NORTH
"2017-08-22 00:00:00",3201,50,2950,4900,239,5637150061,AGWH0004,40,INAG,VISTA
"2017-08-23 00:00:00",19,0.03,1.98,1.2213,1039,5637167826,MAWH0002,68,INMA,WEST
"2017-08-23 00:00:00",32,0.06,5.7,5.5248,1039,5637167826,MAWH0002,68,INMA,WEST
"2017-08-23 00:00:00",78,1.5,111,90.405,18,5637149854,MAWH0004,13,INMA,SOUTH
"2017-08-23 00:00:00",78,0.2,14.94,12.054,29,5637149865,MAWH0004,13,INMA,SOUTH
"2017-08-23 00:00:00",78,0.03,2.511,1.8081,75,5637151536,MAWH0004,40,INMA,SOUTH
"2017-08-23 00:00:00",78,9.17,635.481,552.6759,114,5637164076,MAWH0030,63,INMA,EAST
"2017-08-23 00:00:00",78,1,62.17,60.27,1051,5637150830,MAWH0031,68,INMA,WEST
"2017-08-23 00:00:00",97,0.2,40.05,36.326,1039,5637167826,MAWH0002,68,INMA,WEST
"2017-05-26 00:00:00",78,1.9,137.56,114.513,998,5637146999,MAWH0031,68,INMA,WEST
"2017-05-26 00:00:00",78,2.6,183.04,156.702,1066,5637150844,MAWH0031,68,INMA,WEST
"2017-05-26 00:00:00",118,0.45,67.95,44.8695,936,5637150475,MAWH0008,71,INMA,SOUTH
"2017-05-26 00:00:00",141,1,212,157.8,936,5637150475,MAWH0008,71,INMA,SOUTH
"2017-05-26 00:00:00",157,0.6,93,73.29,936,5637150475,MAWH0031,71,INMA,SOUTH
"2017-05-26 00:00:00",263,0.4,66,38.996,936,5637150475,MAWH0008,71,INMA,SOUTH
"2017-05-27 00:00:00",32,0.02,1.7142,1.8416,915,5637150715,MAWH0007,30,INMA,NORTH
"2017-05-27 00:00:00",32,0.5,46.5,46.04,1049,5637150828,MAWH0002,68,INMA,WEST
"2017-05-27 00:00:00",78,0.14,11.158,8.4378,276,5637150096,MAWH0006,56,INMA,SOUTH
"2017-05-27 00:00:00",78,0.31,24.707,18.6837,941,0,MAWH0008,24,INMA,SOUTH
"2017-05-27 00:00:00",78,0.05,3.985,3.0135,941,5637150737,MAWH0008,24,INMA,SOUTH
"2017-05-27 00:00:00",78,5,318.5,301.35,1049,5637147050,MAWH0031,68,INMA,WEST
"2017-05-27 00:00:00",121,0.08,12.6832,9.772,915,5637150715,MAWH0007,30,INMA,NORTH
"2017-05-27 00:00:00",122,0.12,17.8404,13.5648,915,5637150715,MAWH0007,30,INMA,NORTH
"2017-05-27 00:00:00",141,0.05,11.5,7.89,915,5637150715,MAWH0007,30,INMA,NORTH
"2017-05-27 00:00:00",157,0.14,21.98,17.101,915,5637150715,MAWH0007,30,INMA,NORTH
"2017-05-27 00:00:00",157,0.5,78.5,61.075,1049,5637150828,MAWH0002,68,INMA,WEST
"2017-05-27 00:00:00",190,0.1,14.5,13.304,1049,5637150828,MAWH0002,68,INMA,WEST
"2017-05-27 00:00:00",230,0.1,18.4,13.404,1049,5637150828,MAWH0002,68,INMA,WEST
"2017-05-27 00:00:00",237,0.024,4.77648,2.7871,1075,5637150850,MAWH0031,35,INMA,WEST
"2017-05-27 00:00:00",254,0.04,5.5192,1.8432,915,5637150715,MAWH0007,30,INMA,NORTH
"2017-05-27 00:00:00",254,0.06,9.96,2.7648,1049,5637150828,MAWH0002,68,INMA,WEST
"2017-05-27 00:00:00",263,0.048,8.5944,4.6795,272,5637149095,MAWH0006,56,INMA,SOUTH
"2017-05-27 00:00:00",286,0.225,16.875,14.2493,1049,5637150828,MAWH0002,68,INMA,WEST
"2017-05-27 00:00:00",297,0.04,6.2,3.3872,161,5637149991,MAWH0005,26,INMA,SOUTH
"2017-05-27 00:00:00",297,0.02,3.44,1.6936,272,5637149095,MAWH0006,56,INMA,SOUTH
"2017-05-27 00:00:00",299,0.2,38.4,23.952,1049,5637150828,MAWH0002,68,INMA,WEST
"2017-09-27 00:00:00",157,0.66,103.62,80.619,1126,5637165614,MAWH0007,33,INMA,NORTH
"2017-09-27 00:00:00",190,0.06,9.267,7.9824,900,5637151712,MAWH0007,69,INMA,NORTH
"2017-09-27 00:00:00",226,-0.025,-7.96575,-6.5945,1091,5637148399,MAWH0002,35,INMA,WEST
"2017-09-27 00:00:00",226,0.025,7.96575,6.5945,1091,5637150864,MAWH0002,35,INMA,WEST
"2017-09-27 00:00:00",236,-0.025,-6,-1.875,1091,5637148399,MAWH0002,35,INMA,WEST
"2017-09-27 00:00:00",236,0.025,6,1.875,1091,5637150864,MAWH0002,35,INMA,WEST
"2017-09-27 00:00:00",263,0.048,7.92,4.6795,79,5637149913,MAWH0003,40,INMA,SOUTH
"2017-09-27 00:00:00",267,0.04,6.36,3.7424,79,5637149913,MAWH0003,40,INMA,SOUTH
"2017-09-27 00:00:00",287,0.09,7.632,6.2109,900,5637151712,MAWH0007,69,INMA,NORTH
"2017-09-27 00:00:00",296,0.02,3.6,1.8636,1126,5637165614,MAWH0007,33,INMA,NORTH
"2017-09-27 00:00:00",297,0.4,71.6,33.872,1126,5637165614,MAWH0007,33,INMA,NORTH
"2017-09-27 00:00:00",302,0.02,3.7,2.185,900,5637151712,MAWH0007,69,INMA,NORTH
"2017-09-27 00:00:00",303,0.1,18,10.022,900,5637151712,MAWH0007,69,INMA,NORTH
"2017-09-27 00:00:00",303,0.04,7.2,4.0088,906,5637150706,MAWH0007,30,INMA,NORTH
"2017-09-27 00:00:00",303,0.2,36,20.044,1126,5637165614,MAWH0007,33,INMA,NORTH
"2017-09-27 00:00:00",318,0.1,19.465,15.6,900,5637151712,MAWH0007,69,INMA,NORTH
"2017-09-27 00:00:00",318,0.04,7.786,6.24,1126,5637165614,MAWH0007,33,INMA,NORTH
"2017-09-27 00:00:00",322,0.02,2.3744,2.5038,900,5637151712,MAWH0007,69,INMA,NORTH
"2017-09-27 00:00:00",3125,0.1,4.756,4.183,1126,5637165614,MAWH0007,33,INMA,NORTH
"2017-09-28 00:00:00",21,0.04,2.5452,2.22,1063,5637150841,MAWH0002,68,INMA,WEST
"2017-09-28 00:00:00",38,0.06,37.05464,11.9484,322,5637150141,MAWH0029,40,INMA,HO
"2017-09-28 00:00:00",72,0.06,20.00261,8.7276,322,5637150141,MAWH0029,40,INMA,HO
"2017-09-28 00:00:00",77,2.54,177.038,122.6312,126,5637164077,MAWH0030,63,INMA,EAST
"2017-09-28 00:00:00",77,0.5,31.035,24.14,1049,5637150828,MAWH0031,68,INMA,WEST
"2017-09-28 00:00:00",78,0.14,11.158,8.4378,276,5637150096,MAWH0006,56,INMA,SOUTH
"2017-09-28 00:00:00",78,7,434.49,421.89,1049,5637150828,MAWH0031,68,INMA,WEST
"2017-09-28 00:00:00",79,0.04,5.1852,5.9052,1049,5637150828,MAWH0002,68,INMA,WEST
"2017-09-28 00:00:00",83,0.3,107.682,95.199,1049,5637150828,MAWH0002,68,INMA,WEST
"2017-09-28 00:00:00",99,0.2,27.418,31.558,843,5637150646,MAWH0007,69,INMA,NORTH
"2017-09-28 00:00:00",117,0.016,2.54272,1.7808,94,5637149928,MAWH0003,36,INMA,SOUTH
"2017-09-28 00:00:00",118,0.15,21.201,14.9565,941,5637150737,MAWH0008,24,INMA,SOUTH
"2017-09-28 00:00:00",121,0.1,15.6,12.215,1049,5637150828,MAWH0002,68,INMA,WEST
"2017-09-28 00:00:00",137,0.5,122.5,97.5,161,5637149991,MAWH0005,26,INMA,SOUTH
"2017-09-28 00:00:00",157,0.2,31.4,24.43,25,5637149861,MAWH0003,36,INMA,SOUTH
"2017-09-28 00:00:00",157,0.2,31.4,24.43,43,5637149879,MAWH0003,36,INMA,SOUTH
"2017-09-28 00:00:00",157,0.2,31.4,24.43,46,5637151533,MAWH0003,36,INMA,SOUTH
"2017-09-28 00:00:00",157,0.4,62.8,48.86,94,5637149928,MAWH0003,36,INMA,SOUTH
"2017-09-28 00:00:00",157,0.1,15.7,12.215,261,5637151541,MAWH0006,56,INMA,SOUTH
"2017-09-28 00:00:00",200,2,440,315.6,199,5637150024,AGWH0002,40,INAG,VISTA
"2017-09-28 00:00:00",254,0.06,8.2788,2.7648,898,5637150699,MAWH0007,17,INMA,NORTH
"2017-09-28 00:00:00",263,0.032,5.31488,3.1197,898,5637150699,MAWH0007,17,INMA,NORTH
"2017-09-28 00:00:00",263,0.16,26.4,15.5984,941,5637150737,MAWH0008,24,INMA,SOUTH
"2017-09-28 00:00:00",267,0.3,45.3,28.068,941,5637150737,MAWH0008,24,INMA,SOUTH
"2017-06-29 00:00:00",287,0.225,19.08,15.5273,900,5637151712,MAWH0007,69,INMA,NORTH
"2017-06-29 00:00:00",287,0.075,6.195,5.1758,1066,5637150844,MAWH0002,68,INMA,WEST
"2017-06-29 00:00:00",296,0.02,3.6,1.8636,900,5637151712,MAWH0007,69,INMA,NORTH
"2017-06-29 00:00:00",298,0.3,51.6,26.229,1066,5637150844,MAWH0002,68,INMA,WEST
"2017-06-29 00:00:00",302,0.04,7.4,4.37,900,5637151712,MAWH0007,69,INMA,NORTH
"2017-06-29 00:00:00",303,0.06,10.8,6.0132,900,5637151712,MAWH0007,69,INMA,NORTH
"2017-06-29 00:00:00",303,0.3,54,30.066,1066,5637150844,MAWH0002,68,INMA,WEST
"2017-06-29 00:00:00",322,0.04,5.2788,5.0076,900,5637151712,MAWH0007,69,INMA,NORTH
"2017-06-29 00:00:00",322,0.04,5.04,5.0076,1066,5637150844,MAWH0002,68,INMA,WEST
"2017-06-29 00:00:00",337,0.105,18.8244,15.0381,900,5637151712,MAWH0007,69,INMA,NORTH
"2017-06-30 00:00:00",77,0.6,42.72,28.968,126,5637149958,MAWH0030,63,INMA,EAST
"2017-06-30 00:00:00",77,0.5,31.9,24.14,1049,5637150828,MAWH0031,68,INMA,WEST
"2017-06-30 00:00:00",78,0.03,2.421,1.8081,261,5637151541,MAWH0006,56,INMA,SOUTH
"2017-06-30 00:00:00",78,0.12,9.564,7.2324,276,5637150096,MAWH0006,56,INMA,SOUTH
"2017-06-30 00:00:00",78,0.6,47.82,36.162,941,5637150737,MAWH0008,24,INMA,SOUTH
"2017-06-30 00:00:00",78,1.1,79.64,66.297,998,5637150789,MAWH0031,68,INMA,WEST
"2017-06-30 00:00:00",78,5,318.5,301.35,1049,5637150828,MAWH0031,68,INMA,WEST
"2017-06-30 00:00:00",78,3.1,218.24,186.837,1066,5637150844,MAWH0031,68,INMA,WEST
"2017-06-30 00:00:00",79,0.04,5.8,5.9052,261,5637151541,MAWH0006,56,INMA,SOUTH
"2017-06-30 00:00:00",97,0.3,75.006,54.489,906,5637150706,MAWH0007,30,INMA,NORTH
"2017-06-30 00:00:00",104,0.1,29.1,20.831,228,5637151835,AGWH0002,28,INAG,VISTA
"2017-06-30 00:00:00",186,0.025,9.9,8.5848,906,5637150706,MAWH0007,30,INMA,NORTH
"2017-06-30 00:00:00",297,0.02,3.58,1.6936,906,5637150706,MAWH0007,30,INMA,NORTH
"2017-07-03 00:00:00",78,0.03,2.541,1.8081,82,5637149916,MAWH0004,40,INMA,SOUTH
"2017-07-03 00:00:00",78,2,132,120.54,1005,5637150795,MAWH0031,35,INMA,WEST
"2017-07-03 00:00:00",80,3,975,494.61,952,5637150747,MAWH0029,40,INMA,SOUTH
"2017-07-03 00:00:00",263,0.624,102.96,60.8338,261,5637151541,MAWH0006,56,INMA,SOUTH
"2017-07-03 00:00:00",297,0.2,34.6,16.936,261,5637151541,MAWH0006,56,INMA,SOUTH
"2017-07-04 00:00:00",122,0.2,29.4,22.608,261,5637151541,MAWH0006,56,INMA,SOUTH
"2017-07-04 00:00:00",137,0.2,49,39,261,5637151541,MAWH0006,56,INMA,SOUTH
"2017-07-04 00:00:00",167,0.4,44,40.716,261,5637151541,MAWH0006,56,INMA,SOUTH
"2017-07-04 00:00:00",193,1.2,141.6,100.5,1096,5637150868,MAWH0029,39,INMA,WEST
"2017-07-04 00:00:00",267,0.3,47.7,28.068,261,5637151541,MAWH0006,56,INMA,SOUTH
"2017-07-05 00:00:00",77,1.4,103.46,67.592,126,5637149958,MAWH0030,63,INMA,EAST
"2017-07-05 00:00:00",78,0.12,9.564,7.2324,276,5637150096,MAWH0006,56,INMA,SOUTH
"2017-07-05 00:00:00",78,0.2,17.34,12.054,303,5637150122,MAWH0006,56,INMA,SOUTH
"2017-07-05 00:00:00",78,1.2,95.64,72.324,941,5637150737,MAWH0030,24,INMA,SOUTH
"2017-07-05 00:00:00",97,0.3,66.081,54.489,898,5637150699,MAWH0007,17,INMA,NORTH
"2017-07-05 00:00:00",98,0.2,20.326,26.026,898,5637150699,MAWH0007,17,INMA,NORTH
"2017-07-05 00:00:00",118,0.45,63.603,44.8695,936,5637150475,MAWH0008,71,INMA,SOUTH
"2017-07-05 00:00:00",263,0.128,21.12,12.4787,936,5637150475,MAWH0008,71,INMA,SOUTH
"2017-07-05 00:00:00",265,0.2,30.8,17.238,936,5637150475,MAWH0008,71,INMA,SOUTH
"2017-07-05 00:00:00",297,0.02,3.44,1.6936,276,5637150096,MAWH0006,56,INMA,SOUTH
"2017-07-05 00:00:00",3101,0.05,9.1,6.4335,1106,5637152832,MAWH0029,61,INMA,SOUTH
"2017-05-27 00:00:00",303,0.02,3.6,2.0044,915,5637150715,MAWH0007,30,INMA,NORTH
"2017-05-27 00:00:00",334,0.15,20.184,18.513,272,5637149095,MAWH0006,56,INMA,SOUTH
"2017-05-27 00:00:00",337,0.015,2.6892,2.1483,915,5637150715,MAWH0007,30,INMA,NORTH
"2017-05-28 00:00:00",9,1,75,1675,216,5637151833,AGWH0002,28,INAG,VISTA
"2017-05-29 00:00:00",9,3,195,5025,186,5637150014,AGWH0002,40,INAG,VISTA
"2017-05-29 00:00:00",32,0.02,1.7142,1.8416,900,5637151712,MAWH0007,69,INMA,NORTH
"2017-05-29 00:00:00",61,0.012,5.35824,2.9892,900,5637151712,MAWH0007,69,INMA,NORTH
"2017-05-29 00:00:00",78,0.2,15.74,12.054,81,5637149915,MAWH0031,40,INMA,SOUTH
"2017-05-29 00:00:00",83,-0.1,-38,-31.733,1049,5637150828,MAWH0002,68,INMA,WEST
"2017-05-29 00:00:00",98,-0.05,-6.25,-6.5065,1049,5637147050,MAWH0002,68,INMA,WEST
"2017-05-29 00:00:00",98,-0.125,-15.625,-16.2663,1049,5637150828,MAWH0002,68,INMA,WEST
"2017-05-29 00:00:00",99,0.2,31.792,31.558,900,5637151712,MAWH0007,69,INMA,NORTH
"2017-05-29 00:00:00",99,-0.04,-6,-6.3116,1049,5637147050,MAWH0002,68,INMA,WEST
"2017-05-29 00:00:00",157,0.1,15.2,12.215,161,5637149991,MAWH0005,26,INMA,SOUTH
"2017-05-29 00:00:00",157,0.4,62.8,48.86,900,5637151712,MAWH0007,69,INMA,NORTH
"2017-05-29 00:00:00",163,0.032,4.10848,2.809,900,5637151712,MAWH0007,69,INMA,NORTH
"2017-05-29 00:00:00",190,0.04,6.178,5.3216,900,5637151712,MAWH0007,69,INMA,NORTH
"2017-05-29 00:00:00",190,-0.1,-14.5,-13.304,1049,5637150828,MAWH0002,68,INMA,WEST
"2017-05-29 00:00:00",201,0.1,25,15.78,253,5637151841,AGWH0002,40,INAG,VISTA
"2017-05-29 00:00:00",202,0.1,25,15.4422,253,5637151841,AGWH0002,40,INAG,VISTA
"2017-05-29 00:00:00",287,0.075,6.36,5.1758,900,5637151712,MAWH0007,69,INMA,NORTH
"2017-05-29 00:00:00",299,-0.2,-38.4,-23.952,1049,5637150828,MAWH0002,68,INMA,WEST
"2017-05-29 00:00:00",302,0.04,7.4,4.37,900,5637151712,MAWH0007,69,INMA,NORTH
"2017-05-29 00:00:00",303,0.2,36,20.044,900,5637151712,MAWH0007,69,INMA,NORTH
"2017-05-29 00:00:00",303,-0.3,-53.4,-30.066,1049,5637147050,MAWH0002,68,INMA,WEST
"2017-05-29 00:00:00",337,0.03,5.3784,4.2966,900,5637151712,MAWH0007,69,INMA,NORTH
"2017-05-29 00:00:00",1069,18.1439,3244.30016,2040.0979,822,5637151802,TNWH0012,44,INMA,SOUTH
"2017-05-29 00:00:00",3112,0.08,104.8,0,1,5637149838,AGWH0003,48,INAG,WEST
"2017-05-30 00:00:00",32,0.2,17.142,18.416,898,5637150699,MAWH0007,17,INMA,NORTH
"2017-05-30 00:00:00",75,0.2,19,15.506,954,5637151849,MAWH0029,40,INMA,SOUTH
"2017-05-30 00:00:00",78,0.3,23.91,18.081,941,0,MAWH0008,24,INMA,SOUTH
